Brand,Model,Launch_year,Variant,Original_Price_INR,Battery_Capacity_kwh,range_km,Purchase_year,Resale_year
Tata,Nexon EV,2020,XM,1500000,30.2,312,2020,2020
Tata,Nexon EV,2020,XM,1500000,30.2,312,2020,2021
Tata,Nexon EV,2020,XM,1500000,30.2,312,2020,2022
Tata,Nexon EV,2020,XM,1500000,30.2,312,2020,2023
Tata,Nexon EV,2020,XM,1500000,30.2,312,2020,2024
Tata,Nexon EV,2020,XM,1500000,30.2,312,2020,2025
Tata,Nexon EV,2020,XM,1500000,30.2,312,2020,2026
Tata,Nexon EV,2020,XZ Plus,1630000,30.2,312,2020,2020
Tata,Nexon EV,2020,XZ Plus,1630000,30.2,312,2020,2021
Tata,Nexon EV,2020,XZ Plus,1630000,30.2,312,2020,2022
Tata,Nexon EV,2020,XZ Plus,1630000,30.2,312,2020,2023
Tata,Nexon EV,2020,XZ Plus,1630000,30.2,312,2020,2024
Tata,Nexon EV,2020,XZ Plus,1630000,30.2,312,2020,2025
Tata,Nexon EV,2020,XZ Plus,1630000,30.2,312,2020,2026
Tata,Nexon EV,2020,XZ Plus Dark Edition,1649000,30.2,312,2020,2020
Tata,Nexon EV,2020,XZ Plus Dark Edition,1649000,30.2,312,2020,2021
Tata,Nexon EV,2020,XZ Plus Dark Edition,1649000,30.2,312,2020,2022
Tata,Nexon EV,2020,XZ Plus Dark Edition,1649000,30.2,312,2020,2023
Tata,Nexon EV,2020,XZ Plus Dark Edition,1649000,30.2,312,2020,2024
Tata,Nexon EV,2020,XZ Plus Dark Edition,1649000,30.2,312,2020,2025
Tata,Nexon EV,2020,XZ Plus Dark Edition,1649000,30.2,312,2020,2026
Tata,Nexon EV,2020,XZ Plus LUX,1730000,30.2,312,2020,2020
Tata,Nexon EV,2020,XZ Plus LUX,1730000,30.2,312,2020,2021
Tata,Nexon EV,2020,XZ Plus LUX,1730000,30.2,312,2020,2022
Tata,Nexon EV,2020,XZ Plus LUX,1730000,30.2,312,2020,2023
Tata,Nexon EV,2020,XZ Plus LUX,1730000,30.2,312,2020,2024
Tata,Nexon EV,2020,XZ Plus LUX,1730000,30.2,312,2020,2025
Tata,Nexon EV,2020,XZ Plus LUX,1730000,30.2,312,2020,2026
Tata,Nexon EV,2020,XM,1500000,30.2,312,2021,2021
Tata,Nexon EV,2020,XM,1500000,30.2,312,2021,2022
Tata,Nexon EV,2020,XM,1500000,30.2,312,2021,2023
Tata,Nexon EV,2020,XM,1500000,30.2,312,2021,2024
Tata,Nexon EV,2020,XM,1500000,30.2,312,2021,2025
Tata,Nexon EV,2020,XM,1500000,30.2,312,2021,2026
Tata,Nexon EV,2020,XZ Plus,1630000,30.2,312,2021,2021
Tata,Nexon EV,2020,XZ Plus,1630000,30.2,312,2021,2022
Tata,Nexon EV,2020,XZ Plus,1630000,30.2,312,2021,2023
Tata,Nexon EV,2020,XZ Plus,1630000,30.2,312,2021,2024
Tata,Nexon EV,2020,XZ Plus,1630000,30.2,312,2021,2025
Tata,Nexon EV,2020,XZ Plus,1630000,30.2,312,2021,2026
Tata,Nexon EV,2020,XZ Plus Dark Edition,1649000,30.2,312,2021,2021
Tata,Nexon EV,2020,XZ Plus Dark Edition,1649000,30.2,312,2021,2022
Tata,Nexon EV,2020,XZ Plus Dark Edition,1649000,30.2,312,2021,2023
Tata,Nexon EV,2020,XZ Plus Dark Edition,1649000,30.2,312,2021,2024
Tata,Nexon EV,2020,XZ Plus Dark Edition,1649000,30.2,312,2021,2025
Tata,Nexon EV,2020,XZ Plus Dark Edition,1649000,30.2,312,2021,2026
Tata,Nexon EV,2020,XZ Plus LUX,1730000,30.2,312,2021,2021
Tata,Nexon EV,2020,XZ Plus LUX,1730000,30.2,312,2021,2022
Tata,Nexon EV,2020,XZ Plus LUX,1730000,30.2,312,2021,2023
Tata,Nexon EV,2020,XZ Plus LUX,1730000,30.2,312,2021,2024
Tata,Nexon EV,2020,XZ Plus LUX,1730000,30.2,312,2021,2025
Tata,Nexon EV,2020,XZ Plus LUX,1730000,30.2,312,2021,2026
Tata,Nexon EV,2020,XM,1500000,30.2,312,2022,2022
Tata,Nexon EV,2020,XM,1500000,30.2,312,2022,2023
Tata,Nexon EV,2020,XM,1500000,30.2,312,2022,2024
Tata,Nexon EV,2020,XM,1500000,30.2,312,2022,2025
Tata,Nexon EV,2020,XM,1500000,30.2,312,2022,2026
Tata,Nexon EV,2020,XZ Plus,1630000,30.2,312,2022,2022
Tata,Nexon EV,2020,XZ Plus,1630000,30.2,312,2022,2023
Tata,Nexon EV,2020,XZ Plus,1630000,30.2,312,2022,2024
Tata,Nexon EV,2020,XZ Plus,1630000,30.2,312,2022,2025
Tata,Nexon EV,2020,XZ Plus,1630000,30.2,312,2022,2026
Tata,Nexon EV,2020,XZ Plus Dark Edition,1649000,30.2,312,2022,2022
Tata,Nexon EV,2020,XZ Plus Dark Edition,1649000,30.2,312,2022,2023
Tata,Nexon EV,2020,XZ Plus Dark Edition,1649000,30.2,312,2022,2024
Tata,Nexon EV,2020,XZ Plus Dark Edition,1649000,30.2,312,2022,2025
Tata,Nexon EV,2020,XZ Plus Dark Edition,1649000,30.2,312,2022,2026
Tata,Nexon EV,2020,XZ Plus LUX,1730000,30.2,312,2022,2022
Tata,Nexon EV,2020,XZ Plus LUX,1730000,30.2,312,2022,2023
Tata,Nexon EV,2020,XZ Plus LUX,1730000,30.2,312,2022,2024
Tata,Nexon EV,2020,XZ Plus LUX,1730000,30.2,312,2022,2025
Tata,Nexon EV,2020,XZ Plus LUX,1730000,30.2,312,2022,2026
MG,ZS EV,2020,Excite,2089000,44.5,340,2020,2020
MG,ZS EV,2020,Excite,2089000,44.5,340,2020,2021
MG,ZS EV,2020,Excite,2089000,44.5,340,2020,2022
MG,ZS EV,2020,Excite,2089000,44.5,340,2020,2023
MG,ZS EV,2020,Excite,2089000,44.5,340,2020,2024
MG,ZS EV,2020,Excite,2089000,44.5,340,2020,2025
MG,ZS EV,2020,Excite,2089000,44.5,340,2020,2026
MG,ZS EV,2020,Excite,2089000,44.5,340,2021,2021
MG,ZS EV,2020,Excite,2089000,44.5,340,2021,2022
MG,ZS EV,2020,Excite,2089000,44.5,340,2021,2023
MG,ZS EV,2020,Excite,2089000,44.5,340,2021,2024
MG,ZS EV,2020,Excite,2089000,44.5,340,2021,2025
MG,ZS EV,2020,Excite,2089000,44.5,340,2021,2026
MG,ZS EV,2020,Exclusive,2359000,44.5,340,2020,2020
MG,ZS EV,2020,Exclusive,2359000,44.5,340,2020,2021
MG,ZS EV,2020,Exclusive,2359000,44.5,340,2020,2022
MG,ZS EV,2020,Exclusive,2359000,44.5,340,2020,2023
MG,ZS EV,2020,Exclusive,2359000,44.5,340,2020,2024
MG,ZS EV,2020,Exclusive,2359000,44.5,340,2020,2025
MG,ZS EV,2020,Exclusive,2359000,44.5,340,2020,2026
MG,ZS EV,2020,Exclusive,2359000,44.5,340,2021,2021
MG,ZS EV,2020,Exclusive,2359000,44.5,340,2021,2022
MG,ZS EV,2020,Exclusive,2359000,44.5,340,2021,2023
MG,ZS EV,2020,Exclusive,2359000,44.5,340,2021,2024
MG,ZS EV,2020,Exclusive,2359000,44.5,340,2021,2025
MG,ZS EV,2020,Exclusive,2359000,44.5,340,2021,2026
MG,ZS EV,2020,Excite,2111000,44.5,419,2021,2021
MG,ZS EV,2020,Excite,2111000,44.5,419,2021,2022
MG,ZS EV,2020,Excite,2111000,44.5,419,2021,2023
MG,ZS EV,2020,Excite,2111000,44.5,419,2021,2024
MG,ZS EV,2020,Excite,2111000,44.5,419,2021,2025
MG,ZS EV,2020,Excite,2111000,44.5,419,2021,2026
MG,ZS EV,2020,Exclusive,2441000,44.5,419,2021,2021
MG,ZS EV,2020,Exclusive,2441000,44.5,419,2021,2022
MG,ZS EV,2020,Exclusive,2441000,44.5,419,2021,2023
MG,ZS EV,2020,Exclusive,2441000,44.5,419,2021,2024
MG,ZS EV,2020,Exclusive,2441000,44.5,419,2021,2025
MG,ZS EV,2020,Exclusive,2441000,44.5,419,2021,2026
MG,ZS EV,2020,Excite,2111000,44.5,419,2022,2022
MG,ZS EV,2020,Excite,2111000,44.5,419,2022,2023
MG,ZS EV,2020,Excite,2111000,44.5,419,2022,2024
MG,ZS EV,2020,Excite,2111000,44.5,419,2022,2025
MG,ZS EV,2020,Excite,2111000,44.5,419,2022,2026
MG,ZS EV,2020,Exclusive,2441000,44.5,419,2022,2022
MG,ZS EV,2020,Exclusive,2441000,44.5,419,2022,2023
MG,ZS EV,2020,Exclusive,2441000,44.5,419,2022,2024
MG,ZS EV,2020,Exclusive,2441000,44.5,419,2022,2025
MG,ZS EV,2020,Exclusive,2441000,44.5,419,2022,2026
Tata,Tigor EV,2021,XE,1249000,26,306,2021,2021
Tata,Tigor EV,2021,XE,1249000,26,306,2021,2022
Tata,Tigor EV,2021,XE,1249000,26,306,2021,2023
Tata,Tigor EV,2021,XE,1249000,26,306,2021,2024
Tata,Tigor EV,2021,XE,1249000,26,306,2021,2025
Tata,Tigor EV,2021,XE,1249000,26,306,2021,2026
Tata,Tigor EV,2021,XM,1299000,26,306,2021,2021
Tata,Tigor EV,2021,XM,1299000,26,306,2021,2022
Tata,Tigor EV,2021,XM,1299000,26,306,2021,2023
Tata,Tigor EV,2021,XM,1299000,26,306,2021,2024
Tata,Tigor EV,2021,XM,1299000,26,306,2021,2025
Tata,Tigor EV,2021,XM,1299000,26,306,2021,2026
Tata,Tigor EV,2021,XZ Plus,1349000,26,306,2021,2021
Tata,Tigor EV,2021,XZ Plus,1349000,26,306,2021,2022
Tata,Tigor EV,2021,XZ Plus,1349000,26,306,2021,2023
Tata,Tigor EV,2021,XZ Plus,1349000,26,306,2021,2024
Tata,Tigor EV,2021,XZ Plus,1349000,26,306,2021,2025
Tata,Tigor EV,2021,XZ Plus,1349000,26,306,2021,2026
Tata,Tigor EV,2021,XZ Plus Dual Tone,1364000,26,306,2021,2021
Tata,Tigor EV,2021,XZ Plus Dual Tone,1364000,26,306,2021,2022
Tata,Tigor EV,2021,XZ Plus Dual Tone,1364000,26,306,2021,2023
Tata,Tigor EV,2021,XZ Plus Dual Tone,1364000,26,306,2021,2024
Tata,Tigor EV,2021,XZ Plus Dual Tone,1364000,26,306,2021,2025
Tata,Tigor EV,2021,XZ Plus Dual Tone,1364000,26,306,2021,2026
Tata,Tigor EV,2021,XE,1249000,26,306,2022,2022
Tata,Tigor EV,2021,XE,1249000,26,306,2022,2023
Tata,Tigor EV,2021,XE,1249000,26,306,2022,2024
Tata,Tigor EV,2021,XE,1249000,26,306,2022,2025
Tata,Tigor EV,2021,XE,1249000,26,306,2022,2026
Tata,Tigor EV,2021,XM,1299000,26,306,2022,2022
Tata,Tigor EV,2021,XM,1299000,26,306,2022,2023
Tata,Tigor EV,2021,XM,1299000,26,306,2022,2024
Tata,Tigor EV,2021,XM,1299000,26,306,2022,2025
Tata,Tigor EV,2021,XM,1299000,26,306,2022,2026
Tata,Tigor EV,2021,XZ Plus,1349000,26,306,2022,2022
Tata,Tigor EV,2021,XZ Plus,1349000,26,306,2022,2023
Tata,Tigor EV,2021,XZ Plus,1349000,26,306,2022,2024
Tata,Tigor EV,2021,XZ Plus,1349000,26,306,2022,2025
Tata,Tigor EV,2021,XZ Plus,1349000,26,306,2022,2026
Tata,Tigor EV,2021,XZ Plus Dual Tone,1364000,26,306,2022,2022
Tata,Tigor EV,2021,XZ Plus Dual Tone,1364000,26,306,2022,2023
Tata,Tigor EV,2021,XZ Plus Dual Tone,1364000,26,306,2022,2024
Tata,Tigor EV,2021,XZ Plus Dual Tone,1364000,26,306,2022,2025
Tata,Tigor EV,2021,XZ Plus Dual Tone,1364000,26,306,2022,2026
Jaguar,I-Pace,2021,S,10600000,90,470,2021,2021
Jaguar,I-Pace,2021,S,10600000,90,470,2021,2022
Jaguar,I-Pace,2021,S,10600000,90,470,2021,2023
Jaguar,I-Pace,2021,S,10600000,90,470,2021,2024
Jaguar,I-Pace,2021,S,10600000,90,470,2021,2025
Jaguar,I-Pace,2021,S,10600000,90,470,2021,2026
Jaguar,I-Pace,2021,SE,12000000,90,470,2021,2021
Jaguar,I-Pace,2021,SE,12000000,90,470,2021,2022
Jaguar,I-Pace,2021,SE,12000000,90,470,2021,2023
Jaguar,I-Pace,2021,SE,12000000,90,470,2021,2024
Jaguar,I-Pace,2021,SE,12000000,90,470,2021,2025
Jaguar,I-Pace,2021,SE,12000000,90,470,2021,2026
Jaguar,I-Pace,2021,SE Black Edition,12000000,90,470,2021,2021
Jaguar,I-Pace,2021,SE Black Edition,12000000,90,470,2021,2022
Jaguar,I-Pace,2021,SE Black Edition,12000000,90,470,2021,2023
Jaguar,I-Pace,2021,SE Black Edition,12000000,90,470,2021,2024
Jaguar,I-Pace,2021,SE Black Edition,12000000,90,470,2021,2025
Jaguar,I-Pace,2021,SE Black Edition,12000000,90,470,2021,2026
Jaguar,I-Pace,2021,HSE,12600000,90,470,2021,2021
Jaguar,I-Pace,2021,HSE,12600000,90,470,2021,2022
Jaguar,I-Pace,2021,HSE,12600000,90,470,2021,2023
Jaguar,I-Pace,2021,HSE,12600000,90,470,2021,2024
Jaguar,I-Pace,2021,HSE,12600000,90,470,2021,2025
Jaguar,I-Pace,2021,HSE,12600000,90,470,2021,2026
Jaguar,I-Pace,2021,S,10600000,90,470,2022,2022
Jaguar,I-Pace,2021,S,10600000,90,470,2022,2023
Jaguar,I-Pace,2021,S,10600000,90,470,2022,2024
Jaguar,I-Pace,2021,S,10600000,90,470,2022,2025
Jaguar,I-Pace,2021,S,10600000,90,470,2022,2026
Jaguar,I-Pace,2021,SE,12000000,90,470,2022,2022
Jaguar,I-Pace,2021,SE,12000000,90,470,2022,2023
Jaguar,I-Pace,2021,SE,12000000,90,470,2022,2024
Jaguar,I-Pace,2021,SE,12000000,90,470,2022,2025
Jaguar,I-Pace,2021,SE,12000000,90,470,2022,2026
Jaguar,I-Pace,2021,SE Black Edition,12000000,90,470,2022,2022
Jaguar,I-Pace,2021,SE Black Edition,12000000,90,470,2022,2023
Jaguar,I-Pace,2021,SE Black Edition,12000000,90,470,2022,2024
Jaguar,I-Pace,2021,SE Black Edition,12000000,90,470,2022,2025
Jaguar,I-Pace,2021,SE Black Edition,12000000,90,470,2022,2026
Jaguar,I-Pace,2021,HSE,12600000,90,470,2022,2022
Jaguar,I-Pace,2021,HSE,12600000,90,470,2022,2023
Jaguar,I-Pace,2021,HSE,12600000,90,470,2022,2024
Jaguar,I-Pace,2021,HSE,12600000,90,470,2022,2025
Jaguar,I-Pace,2021,HSE,12600000,90,470,2022,2026
Jaguar,I-Pace,2021,S,10600000,90,470,2023,2023
Jaguar,I-Pace,2021,S,10600000,90,470,2023,2024
Jaguar,I-Pace,2021,S,10600000,90,470,2023,2025
Jaguar,I-Pace,2021,S,10600000,90,470,2023,2026
Jaguar,I-Pace,2021,SE,12000000,90,470,2023,2023
Jaguar,I-Pace,2021,SE,12000000,90,470,2023,2024
Jaguar,I-Pace,2021,SE,12000000,90,470,2023,2025
Jaguar,I-Pace,2021,SE,12000000,90,470,2023,2026
Jaguar,I-Pace,2021,SE Black Edition,12000000,90,470,2023,2023
Jaguar,I-Pace,2021,SE Black Edition,12000000,90,470,2023,2024
Jaguar,I-Pace,2021,SE Black Edition,12000000,90,470,2023,2025
Jaguar,I-Pace,2021,SE Black Edition,12000000,90,470,2023,2026
Jaguar,I-Pace,2021,HSE,12600000,90,470,2023,2023
Jaguar,I-Pace,2021,HSE,12600000,90,470,2023,2024
Jaguar,I-Pace,2021,HSE,12600000,90,470,2023,2025
Jaguar,I-Pace,2021,HSE,12600000,90,470,2023,2026
Jaguar,I-Pace,2021,S,10600000,90,470,2024,2024
Jaguar,I-Pace,2021,S,10600000,90,470,2024,2025
Jaguar,I-Pace,2021,S,10600000,90,470,2024,2026
Jaguar,I-Pace,2021,SE,12000000,90,470,2024,2024
Jaguar,I-Pace,2021,SE,12000000,90,470,2024,2025
Jaguar,I-Pace,2021,SE,12000000,90,470,2024,2026
Jaguar,I-Pace,2021,SE Black Edition,12000000,90,470,2024,2024
Jaguar,I-Pace,2021,SE Black Edition,12000000,90,470,2024,2025
Jaguar,I-Pace,2021,SE Black Edition,12000000,90,470,2024,2026
Jaguar,I-Pace,2021,HSE,12600000,90,470,2024,2024
Jaguar,I-Pace,2021,HSE,12600000,90,470,2024,2025
Jaguar,I-Pace,2021,HSE,12600000,90,470,2024,2026
Audi,e-tron GT,2021,e-tron GT S,17200000,93.4,388,2021,2021
Audi,e-tron GT,2021,e-tron GT S,17200000,93.4,388,2021,2022
Audi,e-tron GT,2021,e-tron GT S,17200000,93.4,388,2021,2023
Audi,e-tron GT,2021,e-tron GT S,17200000,93.4,388,2021,2024
Audi,e-tron GT,2021,e-tron GT S,17200000,93.4,388,2021,2025
Audi,e-tron GT,2021,e-tron GT S,17200000,93.4,388,2021,2026
Audi,e-tron GT,2021,e-tron GT RS,19500000,93.4,401,2021,2021
Audi,e-tron GT,2021,e-tron GT RS,19500000,93.4,401,2021,2022
Audi,e-tron GT,2021,e-tron GT RS,19500000,93.4,401,2021,2023
Audi,e-tron GT,2021,e-tron GT RS,19500000,93.4,401,2021,2024
Audi,e-tron GT,2021,e-tron GT RS,19500000,93.4,401,2021,2025
Audi,e-tron GT,2021,e-tron GT RS,19500000,93.4,401,2021,2026
Audi,e-tron GT,2021,e-tron GT S,17200000,93.4,388,2022,2022
Audi,e-tron GT,2021,e-tron GT S,17200000,93.4,388,2022,2023
Audi,e-tron GT,2021,e-tron GT S,17200000,93.4,388,2022,2024
Audi,e-tron GT,2021,e-tron GT S,17200000,93.4,388,2022,2025
Audi,e-tron GT,2021,e-tron GT S,17200000,93.4,388,2022,2026
Audi,e-tron GT,2021,e-tron GT RS,19500000,93.4,401,2022,2022
Audi,e-tron GT,2021,e-tron GT RS,19500000,93.4,401,2022,2023
Audi,e-tron GT,2021,e-tron GT RS,19500000,93.4,401,2022,2024
Audi,e-tron GT,2021,e-tron GT RS,19500000,93.4,401,2022,2025
Audi,e-tron GT,2021,e-tron GT RS,19500000,93.4,401,2022,2026
Audi,e-tron GT,2021,e-tron GT S,17200000,93.4,388,2023,2023
Audi,e-tron GT,2021,e-tron GT S,17200000,93.4,388,2023,2024
Audi,e-tron GT,2021,e-tron GT S,17200000,93.4,388,2023,2025
Audi,e-tron GT,2021,e-tron GT S,17200000,93.4,388,2023,2026
Audi,e-tron GT,2021,e-tron GT RS,19500000,93.4,401,2023,2023
Audi,e-tron GT,2021,e-tron GT RS,19500000,93.4,401,2023,2024
Audi,e-tron GT,2021,e-tron GT RS,19500000,93.4,401,2023,2025
Audi,e-tron GT,2021,e-tron GT RS,19500000,93.4,401,2023,2026
Audi,e-tron GT,2021,e-tron GT S,17200000,93.4,388,2024,2024
Audi,e-tron GT,2021,e-tron GT S,17200000,93.4,388,2024,2025
Audi,e-tron GT,2021,e-tron GT S,17200000,93.4,388,2024,2026
Audi,e-tron GT,2021,e-tron GT RS,19500000,93.4,401,2024,2024
Audi,e-tron GT,2021,e-tron GT RS,19500000,93.4,401,2024,2025
Audi,e-tron GT,2021,e-tron GT RS,19500000,93.4,401,2024,2026
Audi,e-tron GT,2021,e-tron GT S,17200000,93.4,388,2025,2025
Audi,e-tron GT,2021,e-tron GT S,17200000,93.4,388,2025,2026
Audi,e-tron GT,2021,e-tron GT RS,19500000,93.4,401,2025,2025
Audi,e-tron GT,2021,e-tron GT RS,19500000,93.4,401,2025,2026
Audi,e-tron GT,2021,e-tron GT S,17200000,93.4,388,2026,2026
Audi,e-tron GT,2021,e-tron GT RS,19500000,93.4,401,2026,2026
BMW,IX,2021,xDrive 40,12100000,76.6,322,2021,2021
BMW,IX,2021,xDrive 40,12100000,76.6,322,2021,2022
BMW,IX,2021,xDrive 40,12100000,76.6,322,2021,2023
BMW,IX,2021,xDrive 40,12100000,76.6,322,2021,2024
BMW,IX,2021,xDrive 40,12100000,76.6,322,2021,2025
BMW,IX,2021,xDrive 40,12100000,76.6,322,2021,2026
BMW,IX,2021,xDrive 50,14000000,111.5,635,2021,2021
BMW,IX,2021,xDrive 50,14000000,111.5,635,2021,2022
BMW,IX,2021,xDrive 50,14000000,111.5,635,2021,2023
BMW,IX,2021,xDrive 50,14000000,111.5,635,2021,2024
BMW,IX,2021,xDrive 50,14000000,111.5,635,2021,2025
BMW,IX,2021,xDrive 50,14000000,111.5,635,2021,2026
BMW,IX,2021,xDrive 40,12100000,76.6,322,2022,2022
BMW,IX,2021,xDrive 40,12100000,76.6,322,2022,2023
BMW,IX,2021,xDrive 40,12100000,76.6,322,2022,2024
BMW,IX,2021,xDrive 40,12100000,76.6,322,2022,2025
BMW,IX,2021,xDrive 40,12100000,76.6,322,2022,2026
BMW,IX,2021,xDrive 50,14000000,111.5,635,2022,2022
BMW,IX,2021,xDrive 50,14000000,111.5,635,2022,2023
BMW,IX,2021,xDrive 50,14000000,111.5,635,2022,2024
BMW,IX,2021,xDrive 50,14000000,111.5,635,2022,2025
BMW,IX,2021,xDrive 50,14000000,111.5,635,2022,2026
BMW,IX,2021,xDrive 40,12100000,76.6,322,2023,2023
BMW,IX,2021,xDrive 40,12100000,76.6,322,2023,2024
BMW,IX,2021,xDrive 40,12100000,76.6,322,2023,2025
BMW,IX,2021,xDrive 40,12100000,76.6,322,2023,2026
BMW,IX,2021,xDrive 50,14000000,111.5,635,2023,2023
BMW,IX,2021,xDrive 50,14000000,111.5,635,2023,2024
BMW,IX,2021,xDrive 50,14000000,111.5,635,2023,2025
BMW,IX,2021,xDrive 50,14000000,111.5,635,2023,2026
BMW,IX,2021,xDrive 40,12100000,76.6,322,2024,2024
BMW,IX,2021,xDrive 40,12100000,76.6,322,2024,2025
BMW,IX,2021,xDrive 40,12100000,76.6,322,2024,2026
BMW,IX,2021,xDrive 50,14000000,111.5,635,2024,2024
BMW,IX,2021,xDrive 50,14000000,111.5,635,2024,2025
BMW,IX,2021,xDrive 50,14000000,111.5,635,2024,2026
BMW,IX,2021,xDrive 40,12100000,76.6,322,2025,2025
BMW,IX,2021,xDrive 40,12100000,76.6,322,2025,2026
BMW,IX,2021,xDrive 50,14000000,111.5,635,2025,2025
BMW,IX,2021,xDrive 50,14000000,111.5,635,2025,2026
BMW,IX,2021,xDrive 40,12100000,76.6,322,2026,2026
BMW,IX,2021,xDrive 50,14000000,111.5,635,2026,2026
Tata,Nexon EV Max,2022,XM 3.3 KW,1649000,40.5,453,2022,2022
Tata,Nexon EV Max,2022,XM 3.3 KW,1649000,40.5,453,2022,2023
Tata,Nexon EV Max,2022,XM 3.3 KW,1649000,40.5,453,2022,2024
Tata,Nexon EV Max,2022,XM 3.3 KW,1649000,40.5,453,2022,2025
Tata,Nexon EV Max,2022,XM 3.3 KW,1649000,40.5,453,2022,2026
Tata,Nexon EV Max,2022,XM 7.2 KW,1699000,40.5,453,2022,2022
Tata,Nexon EV Max,2022,XM 7.2 KW,1699000,40.5,453,2022,2023
Tata,Nexon EV Max,2022,XM 7.2 KW,1699000,40.5,453,2022,2024
Tata,Nexon EV Max,2022,XM 7.2 KW,1699000,40.5,453,2022,2025
Tata,Nexon EV Max,2022,XM 7.2 KW,1699000,40.5,453,2022,2026
Tata,Nexon EV Max,2022,XZ Plus 3.3 KW,1749000,40.5,453,2022,2022
Tata,Nexon EV Max,2022,XZ Plus 3.3 KW,1749000,40.5,453,2022,2023
Tata,Nexon EV Max,2022,XZ Plus 3.3 KW,1749000,40.5,453,2022,2024
Tata,Nexon EV Max,2022,XZ Plus 3.3 KW,1749000,40.5,453,2022,2025
Tata,Nexon EV Max,2022,XZ Plus 3.3 KW,1749000,40.5,453,2022,2026
Tata,Nexon EV Max,2022,XZ Plus 7.2 KW,1799000,40.5,453,2022,2022
Tata,Nexon EV Max,2022,XZ Plus 7.2 KW,1799000,40.5,453,2022,2023
Tata,Nexon EV Max,2022,XZ Plus 7.2 KW,1799000,40.5,453,2022,2024
Tata,Nexon EV Max,2022,XZ Plus 7.2 KW,1799000,40.5,453,2022,2025
Tata,Nexon EV Max,2022,XZ Plus 7.2 KW,1799000,40.5,453,2022,2026
Tata,Nexon EV Max,2022,XM 3.3 KW,1649000,40.5,453,2023,2023
Tata,Nexon EV Max,2022,XM 3.3 KW,1649000,40.5,453,2023,2024
Tata,Nexon EV Max,2022,XM 3.3 KW,1649000,40.5,453,2023,2025
Tata,Nexon EV Max,2022,XM 3.3 KW,1649000,40.5,453,2023,2026
Tata,Nexon EV Max,2022,XM 7.2 KW,1699000,40.5,453,2023,2023
Tata,Nexon EV Max,2022,XM 7.2 KW,1699000,40.5,453,2023,2024
Tata,Nexon EV Max,2022,XM 7.2 KW,1699000,40.5,453,2023,2025
Tata,Nexon EV Max,2022,XM 7.2 KW,1699000,40.5,453,2023,2026
Tata,Nexon EV Max,2022,XZ Plus 3.3 KW,1749000,40.5,453,2023,2023
Tata,Nexon EV Max,2022,XZ Plus 3.3 KW,1749000,40.5,453,2023,2024
Tata,Nexon EV Max,2022,XZ Plus 3.3 KW,1749000,40.5,453,2023,2025
Tata,Nexon EV Max,2022,XZ Plus 3.3 KW,1749000,40.5,453,2023,2026
Tata,Nexon EV Max,2022,XZ Plus 7.2 KW,1799000,40.5,453,2023,2023
Tata,Nexon EV Max,2022,XZ Plus 7.2 KW,1799000,40.5,453,2023,2024
Tata,Nexon EV Max,2022,XZ Plus 7.2 KW,1799000,40.5,453,2023,2025
Tata,Nexon EV Max,2022,XZ Plus 7.2 KW,1799000,40.5,453,2023,2026
BYD,Atto 3,2022,Dynamic,2499000,49.92,468,2022,2022
BYD,Atto 3,2022,Dynamic,2499000,49.92,468,2022,2023
BYD,Atto 3,2022,Dynamic,2499000,49.92,468,2022,2024
BYD,Atto 3,2022,Dynamic,2499000,49.92,468,2022,2025
BYD,Atto 3,2022,Dynamic,2499000,49.92,468,2022,2026
BYD,Atto 3,2022,Premium,2985000,60.48,521,2022,2022
BYD,Atto 3,2022,Premium,2985000,60.48,521,2022,2023
BYD,Atto 3,2022,Premium,2985000,60.48,521,2022,2024
BYD,Atto 3,2022,Premium,2985000,60.48,521,2022,2025
BYD,Atto 3,2022,Premium,2985000,60.48,521,2022,2026
BYD,Atto 3,2022,Superior,3399000,60.48,521,2022,2022
BYD,Atto 3,2022,Superior,3399000,60.48,521,2022,2023
BYD,Atto 3,2022,Superior,3399000,60.48,521,2022,2024
BYD,Atto 3,2022,Superior,3399000,60.48,521,2022,2025
BYD,Atto 3,2022,Superior,3399000,60.48,521,2022,2026
BYD,Atto 3,2022,Dynamic,2499000,49.92,468,2023,2023
BYD,Atto 3,2022,Dynamic,2499000,49.92,468,2023,2024
BYD,Atto 3,2022,Dynamic,2499000,49.92,468,2023,2025
BYD,Atto 3,2022,Dynamic,2499000,49.92,468,2023,2026
BYD,Atto 3,2022,Premium,2985000,60.48,521,2023,2023
BYD,Atto 3,2022,Premium,2985000,60.48,521,2023,2024
BYD,Atto 3,2022,Premium,2985000,60.48,521,2023,2025
BYD,Atto 3,2022,Premium,2985000,60.48,521,2023,2026
BYD,Atto 3,2022,Superior,3399000,60.48,521,2023,2023
BYD,Atto 3,2022,Superior,3399000,60.48,521,2023,2024
BYD,Atto 3,2022,Superior,3399000,60.48,521,2023,2025
BYD,Atto 3,2022,Superior,3399000,60.48,521,2023,2026
BYD,Atto 3,2022,Dynamic,2499000,49.92,468,2024,2024
BYD,Atto 3,2022,Dynamic,2499000,49.92,468,2024,2025
BYD,Atto 3,2022,Dynamic,2499000,49.92,468,2024,2026
BYD,Atto 3,2022,Premium,2985000,60.48,521,2024,2024
BYD,Atto 3,2022,Premium,2985000,60.48,521,2024,2025
BYD,Atto 3,2022,Premium,2985000,60.48,521,2024,2026
BYD,Atto 3,2022,Superior,3399000,60.48,521,2024,2024
BYD,Atto 3,2022,Superior,3399000,60.48,521,2024,2025
BYD,Atto 3,2022,Superior,3399000,60.48,521,2024,2026
BYD,Atto 3,2022,Dynamic,2499000,49.92,468,2025,2025
BYD,Atto 3,2022,Dynamic,2499000,49.92,468,2025,2026
BYD,Atto 3,2022,Premium,2985000,60.48,521,2025,2025
BYD,Atto 3,2022,Premium,2985000,60.48,521,2025,2026
BYD,Atto 3,2022,Superior,3399000,60.48,521,2025,2025
BYD,Atto 3,2022,Superior,3399000,60.48,521,2025,2026
BYD,Atto 3,2022,Dynamic,2499000,49.92,468,2026,2026
BYD,Atto 3,2022,Premium,2985000,60.48,521,2026,2026
BYD,Atto 3,2022,Superior,3399000,60.48,521,2026,2026
Tata,Tiago EV,2022,XE Medium Range,799000,19.2,223,2022,2022
Tata,Tiago EV,2022,XE Medium Range,799000,19.2,223,2022,2023
Tata,Tiago EV,2022,XE Medium Range,799000,19.2,223,2022,2024
Tata,Tiago EV,2022,XE Medium Range,799000,19.2,223,2022,2025
Tata,Tiago EV,2022,XE Medium Range,799000,19.2,223,2022,2026
Tata,Tiago EV,2022,XT Medium Range,899000,19.2,223,2022,2022
Tata,Tiago EV,2022,XT Medium Range,899000,19.2,223,2022,2023
Tata,Tiago EV,2022,XT Medium Range,899000,19.2,223,2022,2024
Tata,Tiago EV,2022,XT Medium Range,899000,19.2,223,2022,2025
Tata,Tiago EV,2022,XT Medium Range,899000,19.2,223,2022,2026
Tata,Tiago EV,2022,XT Long Range,1014000,24,293,2022,2022
Tata,Tiago EV,2022,XT Long Range,1014000,24,293,2022,2023
Tata,Tiago EV,2022,XT Long Range,1014000,24,293,2022,2024
Tata,Tiago EV,2022,XT Long Range,1014000,24,293,2022,2025
Tata,Tiago EV,2022,XT Long Range,1014000,24,293,2022,2026
Tata,Tiago EV,2022,XZ  Plus Tech LUX Long Range,1114000,24,293,2022,2022
Tata,Tiago EV,2022,XZ  Plus Tech LUX Long Range,1114000,24,293,2022,2023
Tata,Tiago EV,2022,XZ  Plus Tech LUX Long Range,1114000,24,293,2022,2024
Tata,Tiago EV,2022,XZ  Plus Tech LUX Long Range,1114000,24,293,2022,2025
Tata,Tiago EV,2022,XZ  Plus Tech LUX Long Range,1114000,24,293,2022,2026
Tata,Tiago EV,2022,XE Medium Range,799000,19.2,223,2023,2023
Tata,Tiago EV,2022,XE Medium Range,799000,19.2,223,2023,2024
Tata,Tiago EV,2022,XE Medium Range,799000,19.2,223,2023,2025
Tata,Tiago EV,2022,XE Medium Range,799000,19.2,223,2023,2026
Tata,Tiago EV,2022,XT Medium Range,899000,19.2,223,2023,2023
Tata,Tiago EV,2022,XT Medium Range,899000,19.2,223,2023,2024
Tata,Tiago EV,2022,XT Medium Range,899000,19.2,223,2023,2025
Tata,Tiago EV,2022,XT Medium Range,899000,19.2,223,2023,2026
Tata,Tiago EV,2022,XT Long Range,1014000,24,293,2023,2023
Tata,Tiago EV,2022,XT Long Range,1014000,24,293,2023,2024
Tata,Tiago EV,2022,XT Long Range,1014000,24,293,2023,2025
Tata,Tiago EV,2022,XT Long Range,1014000,24,293,2023,2026
Tata,Tiago EV,2022,XZ  Plus Tech LUX Long Range,1114000,24,293,2023,2023
Tata,Tiago EV,2022,XZ  Plus Tech LUX Long Range,1114000,24,293,2023,2024
Tata,Tiago EV,2022,XZ  Plus Tech LUX Long Range,1114000,24,293,2023,2025
Tata,Tiago EV,2022,XZ  Plus Tech LUX Long Range,1114000,24,293,2023,2026
Tata,Tiago EV,2022,XE Medium Range,799000,19.2,223,2024,2024
Tata,Tiago EV,2022,XE Medium Range,799000,19.2,223,2024,2025
Tata,Tiago EV,2022,XE Medium Range,799000,19.2,223,2024,2026
Tata,Tiago EV,2022,XT Medium Range,899000,19.2,223,2024,2024
Tata,Tiago EV,2022,XT Medium Range,899000,19.2,223,2024,2025
Tata,Tiago EV,2022,XT Medium Range,899000,19.2,223,2024,2026
Tata,Tiago EV,2022,XT Long Range,1014000,24,293,2024,2024
Tata,Tiago EV,2022,XT Long Range,1014000,24,293,2024,2025
Tata,Tiago EV,2022,XT Long Range,1014000,24,293,2024,2026
Tata,Tiago EV,2022,XZ  Plus Tech LUX Long Range,1114000,24,293,2024,2024
Tata,Tiago EV,2022,XZ  Plus Tech LUX Long Range,1114000,24,293,2024,2025
Tata,Tiago EV,2022,XZ  Plus Tech LUX Long Range,1114000,24,293,2024,2026
Tata,Tiago EV,2022,XE Medium Range,799000,19.2,223,2025,2025
Tata,Tiago EV,2022,XE Medium Range,799000,19.2,223,2025,2026
Tata,Tiago EV,2022,XT Medium Range,899000,19.2,223,2025,2025
Tata,Tiago EV,2022,XT Medium Range,899000,19.2,223,2025,2026
Tata,Tiago EV,2022,XT Long Range,1014000,24,293,2025,2025
Tata,Tiago EV,2022,XT Long Range,1014000,24,293,2025,2026
Tata,Tiago EV,2022,XZ  Plus Tech LUX Long Range,1114000,24,293,2025,2025
Tata,Tiago EV,2022,XZ  Plus Tech LUX Long Range,1114000,24,293,2025,2026
Tata,Tiago EV,2022,XE Medium Range,799000,19.2,223,2026,2026
Tata,Tiago EV,2022,XT Medium Range,899000,19.2,223,2026,2026
Tata,Tiago EV,2022,XT Long Range,1014000,24,293,2026,2026
Tata,Tiago EV,2022,XZ  Plus Tech LUX Long Range,1114000,24,293,2026,2026
Kia,EV6,2022,GT Line,6097000,77.4,528,2022,2022
Kia,EV6,2022,GT Line,6097000,77.4,528,2022,2023
Kia,EV6,2022,GT Line,6097000,77.4,528,2022,2024
Kia,EV6,2022,GT Line,6097000,77.4,528,2022,2025
Kia,EV6,2022,GT Line,6097000,77.4,528,2022,2026
Kia,EV6,2022,GT Line AWD,6597000,77.4,528,2022,2022
Kia,EV6,2022,GT Line AWD,6597000,77.4,528,2022,2023
Kia,EV6,2022,GT Line AWD,6597000,77.4,528,2022,2024
Kia,EV6,2022,GT Line AWD,6597000,77.4,528,2022,2025
Kia,EV6,2022,GT Line AWD,6597000,77.4,528,2022,2026
Kia,EV6,2022,GT Line,6097000,77.4,528,2023,2023
Kia,EV6,2022,GT Line,6097000,77.4,528,2023,2024
Kia,EV6,2022,GT Line,6097000,77.4,528,2023,2025
Kia,EV6,2022,GT Line,6097000,77.4,528,2023,2026
Kia,EV6,2022,GT Line AWD,6597000,77.4,528,2023,2023
Kia,EV6,2022,GT Line AWD,6597000,77.4,528,2023,2024
Kia,EV6,2022,GT Line AWD,6597000,77.4,528,2023,2025
Kia,EV6,2022,GT Line AWD,6597000,77.4,528,2023,2026
Kia,EV6,2022,GT Line,6097000,77.4,528,2024,2024
Kia,EV6,2022,GT Line,6097000,77.4,528,2024,2025
Kia,EV6,2022,GT Line,6097000,77.4,528,2024,2026
Kia,EV6,2022,GT Line AWD,6597000,77.4,528,2024,2024
Kia,EV6,2022,GT Line AWD,6597000,77.4,528,2024,2025
Kia,EV6,2022,GT Line AWD,6597000,77.4,528,2024,2026
Kia,EV6,2022,GT Line,6097000,77.4,528,2025,2025
Kia,EV6,2022,GT Line,6097000,77.4,528,2025,2026
Kia,EV6,2022,GT Line AWD,6597000,77.4,528,2025,2025
Kia,EV6,2022,GT Line AWD,6597000,77.4,528,2025,2026
MG,ZS EV,2022,Executive,1550000,50.3,461,2022,2022
MG,ZS EV,2022,Executive,1550000,50.3,461,2022,2023
MG,ZS EV,2022,Executive,1550000,50.3,461,2022,2024
MG,ZS EV,2022,Executive,1550000,50.3,461,2022,2025
MG,ZS EV,2022,Executive,1550000,50.3,461,2022,2026
MG,ZS EV,2022,Excite Pro,1614000,50.3,461,2022,2022
MG,ZS EV,2022,Excite Pro,1614000,50.3,461,2022,2023
MG,ZS EV,2022,Excite Pro,1614000,50.3,461,2022,2024
MG,ZS EV,2022,Excite Pro,1614000,50.3,461,2022,2025
MG,ZS EV,2022,Excite Pro,1614000,50.3,461,2022,2026
MG,ZS EV,2022,Exclusive Plus Dark Grey,1714000,50.3,461,2022,2022
MG,ZS EV,2022,Exclusive Plus Dark Grey,1714000,50.3,461,2022,2023
MG,ZS EV,2022,Exclusive Plus Dark Grey,1714000,50.3,461,2022,2024
MG,ZS EV,2022,Exclusive Plus Dark Grey,1714000,50.3,461,2022,2025
MG,ZS EV,2022,Exclusive Plus Dark Grey,1714000,50.3,461,2022,2026
MG,ZS EV,2022,Exclusive Plus Dual Tone Iconic Ivory,1714000,50.3,461,2022,2022
MG,ZS EV,2022,Exclusive Plus Dual Tone Iconic Ivory,1714000,50.3,461,2022,2023
MG,ZS EV,2022,Exclusive Plus Dual Tone Iconic Ivory,1714000,50.3,461,2022,2024
MG,ZS EV,2022,Exclusive Plus Dual Tone Iconic Ivory,1714000,50.3,461,2022,2025
MG,ZS EV,2022,Exclusive Plus Dual Tone Iconic Ivory,1714000,50.3,461,2022,2026
MG,ZS EV,2022,100-Year Edition,1714000,50.3,461,2022,2022
MG,ZS EV,2022,100-Year Edition,1714000,50.3,461,2022,2023
MG,ZS EV,2022,100-Year Edition,1714000,50.3,461,2022,2024
MG,ZS EV,2022,100-Year Edition,1714000,50.3,461,2022,2025
MG,ZS EV,2022,100-Year Edition,1714000,50.3,461,2022,2026
MG,ZS EV,2022,Essence Dark Grey,1814000,50.3,461,2022,2022
MG,ZS EV,2022,Essence Dark Grey,1814000,50.3,461,2022,2023
MG,ZS EV,2022,Essence Dark Grey,1814000,50.3,461,2022,2024
MG,ZS EV,2022,Essence Dark Grey,1814000,50.3,461,2022,2025
MG,ZS EV,2022,Essence Dark Grey,1814000,50.3,461,2022,2026
MG,ZS EV,2022,Essence Dual Tone Iconic Ivory,1814000,50.3,461,2022,2022
MG,ZS EV,2022,Essence Dual Tone Iconic Ivory,1814000,50.3,461,2022,2023
MG,ZS EV,2022,Essence Dual Tone Iconic Ivory,1814000,50.3,461,2022,2024
MG,ZS EV,2022,Essence Dual Tone Iconic Ivory,1814000,50.3,461,2022,2025
MG,ZS EV,2022,Essence Dual Tone Iconic Ivory,1814000,50.3,461,2022,2026
MG,ZS EV,2022,Executive,1550000,50.3,461,2023,2023
MG,ZS EV,2022,Executive,1550000,50.3,461,2023,2024
MG,ZS EV,2022,Executive,1550000,50.3,461,2023,2025
MG,ZS EV,2022,Executive,1550000,50.3,461,2023,2026
MG,ZS EV,2022,Excite Pro,1614000,50.3,461,2023,2023
MG,ZS EV,2022,Excite Pro,1614000,50.3,461,2023,2024
MG,ZS EV,2022,Excite Pro,1614000,50.3,461,2023,2025
MG,ZS EV,2022,Excite Pro,1614000,50.3,461,2023,2026
MG,ZS EV,2022,Exclusive Plus Dark Grey,1714000,50.3,461,2023,2023
MG,ZS EV,2022,Exclusive Plus Dark Grey,1714000,50.3,461,2023,2024
MG,ZS EV,2022,Exclusive Plus Dark Grey,1714000,50.3,461,2023,2025
MG,ZS EV,2022,Exclusive Plus Dark Grey,1714000,50.3,461,2023,2026
MG,ZS EV,2022,Exclusive Plus Dual Tone Iconic Ivory,1714000,50.3,461,2023,2023
MG,ZS EV,2022,Exclusive Plus Dual Tone Iconic Ivory,1714000,50.3,461,2023,2024
MG,ZS EV,2022,Exclusive Plus Dual Tone Iconic Ivory,1714000,50.3,461,2023,2025
MG,ZS EV,2022,Exclusive Plus Dual Tone Iconic Ivory,1714000,50.3,461,2023,2026
MG,ZS EV,2022,100-Year Edition,1714000,50.3,461,2023,2023
MG,ZS EV,2022,100-Year Edition,1714000,50.3,461,2023,2024
MG,ZS EV,2022,100-Year Edition,1714000,50.3,461,2023,2025
MG,ZS EV,2022,100-Year Edition,1714000,50.3,461,2023,2026
MG,ZS EV,2022,Essence Dark Grey,1814000,50.3,461,2023,2023
MG,ZS EV,2022,Essence Dark Grey,1814000,50.3,461,2023,2024
MG,ZS EV,2022,Essence Dark Grey,1814000,50.3,461,2023,2025
MG,ZS EV,2022,Essence Dark Grey,1814000,50.3,461,2023,2026
MG,ZS EV,2022,Essence Dual Tone Iconic Ivory,1814000,50.3,461,2023,2023
MG,ZS EV,2022,Essence Dual Tone Iconic Ivory,1814000,50.3,461,2023,2024
MG,ZS EV,2022,Essence Dual Tone Iconic Ivory,1814000,50.3,461,2023,2025
MG,ZS EV,2022,Essence Dual Tone Iconic Ivory,1814000,50.3,461,2023,2026
MG,ZS EV,2022,Executive,1550000,50.3,461,2024,2024
MG,ZS EV,2022,Executive,1550000,50.3,461,2024,2025
MG,ZS EV,2022,Executive,1550000,50.3,461,2024,2026
MG,ZS EV,2022,Excite Pro,1614000,50.3,461,2024,2024
MG,ZS EV,2022,Excite Pro,1614000,50.3,461,2024,2025
MG,ZS EV,2022,Excite Pro,1614000,50.3,461,2024,2026
MG,ZS EV,2022,Exclusive Plus Dark Grey,1714000,50.3,461,2024,2024
MG,ZS EV,2022,Exclusive Plus Dark Grey,1714000,50.3,461,2024,2025
MG,ZS EV,2022,Exclusive Plus Dark Grey,1714000,50.3,461,2024,2026
MG,ZS EV,2022,Exclusive Plus Dual Tone Iconic Ivory,1714000,50.3,461,2024,2024
MG,ZS EV,2022,Exclusive Plus Dual Tone Iconic Ivory,1714000,50.3,461,2024,2025
MG,ZS EV,2022,Exclusive Plus Dual Tone Iconic Ivory,1714000,50.3,461,2024,2026
MG,ZS EV,2022,100-Year Edition,1714000,50.3,461,2024,2024
MG,ZS EV,2022,100-Year Edition,1714000,50.3,461,2024,2025
MG,ZS EV,2022,100-Year Edition,1714000,50.3,461,2024,2026
MG,ZS EV,2022,Essence Dark Grey,1814000,50.3,461,2024,2024
MG,ZS EV,2022,Essence Dark Grey,1814000,50.3,461,2024,2025
MG,ZS EV,2022,Essence Dark Grey,1814000,50.3,461,2024,2026
MG,ZS EV,2022,Essence Dual Tone Iconic Ivory,1814000,50.3,461,2024,2024
MG,ZS EV,2022,Essence Dual Tone Iconic Ivory,1814000,50.3,461,2024,2025
MG,ZS EV,2022,Essence Dual Tone Iconic Ivory,1814000,50.3,461,2024,2026
MG,ZS EV,2022,Executive,1550000,50.3,461,2025,2025
MG,ZS EV,2022,Executive,1550000,50.3,461,2025,2026
MG,ZS EV,2022,Excite Pro,1614000,50.3,461,2025,2025
MG,ZS EV,2022,Excite Pro,1614000,50.3,461,2025,2026
MG,ZS EV,2022,Exclusive Plus Dark Grey,1714000,50.3,461,2025,2025
MG,ZS EV,2022,Exclusive Plus Dark Grey,1714000,50.3,461,2025,2026
MG,ZS EV,2022,Exclusive Plus Dual Tone Iconic Ivory,1714000,50.3,461,2025,2025
MG,ZS EV,2022,Exclusive Plus Dual Tone Iconic Ivory,1714000,50.3,461,2025,2026
MG,ZS EV,2022,100-Year Edition,1714000,50.3,461,2025,2025
MG,ZS EV,2022,100-Year Edition,1714000,50.3,461,2025,2026
MG,ZS EV,2022,Essence Dark Grey,1814000,50.3,461,2025,2025
MG,ZS EV,2022,Essence Dark Grey,1814000,50.3,461,2025,2026
MG,ZS EV,2022,Essence Dual Tone Iconic Ivory,1814000,50.3,461,2025,2025
MG,ZS EV,2022,Essence Dual Tone Iconic Ivory,1814000,50.3,461,2025,2026
MG,ZS EV,2022,Executive,1550000,50.3,461,2026,2026
MG,ZS EV,2022,Excite Pro,1614000,50.3,461,2026,2026
MG,ZS EV,2022,Exclusive Plus Dark Grey,1714000,50.3,461,2026,2026
MG,ZS EV,2022,Exclusive Plus Dual Tone Iconic Ivory,1714000,50.3,461,2026,2026
MG,ZS EV,2022,100-Year Edition,1714000,50.3,461,2026,2026
MG,ZS EV,2022,Essence Dark Grey,1814000,50.3,461,2026,2026
MG,ZS EV,2022,Essence Dual Tone Iconic Ivory,1814000,50.3,461,2026,2026
Mercedes-Benz,EQB,2022,250 plus,7890000,70.5,535,2022,2022
Mercedes-Benz,EQB,2022,250 plus,7890000,70.5,535,2022,2023
Mercedes-Benz,EQB,2022,250 plus,7890000,70.5,535,2022,2024
Mercedes-Benz,EQB,2022,250 plus,7890000,70.5,535,2022,2025
Mercedes-Benz,EQB,2022,250 plus,7890000,70.5,535,2022,2026
Mercedes-Benz,EQB,2022,350 plus,7890000,70.5,535,2022,2022
Mercedes-Benz,EQB,2022,350 plus,7890000,70.5,535,2022,2023
Mercedes-Benz,EQB,2022,350 plus,7890000,70.5,535,2022,2024
Mercedes-Benz,EQB,2022,350 plus,7890000,70.5,535,2022,2025
Mercedes-Benz,EQB,2022,350 plus,7890000,70.5,535,2022,2026
Mercedes-Benz,EQB,2022,250 plus,7890000,70.5,535,2023,2023
Mercedes-Benz,EQB,2022,250 plus,7890000,70.5,535,2023,2024
Mercedes-Benz,EQB,2022,250 plus,7890000,70.5,535,2023,2025
Mercedes-Benz,EQB,2022,250 plus,7890000,70.5,535,2023,2026
Mercedes-Benz,EQB,2022,350 plus,7890000,70.5,535,2023,2023
Mercedes-Benz,EQB,2022,350 plus,7890000,70.5,535,2023,2024
Mercedes-Benz,EQB,2022,350 plus,7890000,70.5,535,2023,2025
Mercedes-Benz,EQB,2022,350 plus,7890000,70.5,535,2023,2026
Mercedes-Benz,EQB,2022,250 plus,7890000,70.5,535,2024,2024
Mercedes-Benz,EQB,2022,250 plus,7890000,70.5,535,2024,2025
Mercedes-Benz,EQB,2022,250 plus,7890000,70.5,535,2024,2026
Mercedes-Benz,EQB,2022,350 plus,7890000,70.5,535,2024,2024
Mercedes-Benz,EQB,2022,350 plus,7890000,70.5,535,2024,2025
Mercedes-Benz,EQB,2022,350 plus,7890000,70.5,535,2024,2026
Volvo,XC40 Recharge,2022,Plus,5495000,69,475,2022,2022
Volvo,XC40 Recharge,2022,Plus,5495000,69,475,2022,2023
Volvo,XC40 Recharge,2022,Plus,5495000,69,475,2022,2024
Volvo,XC40 Recharge,2022,Plus,5495000,69,475,2022,2025
Volvo,XC40 Recharge,2022,Plus,5495000,69,475,2022,2026
Volvo,XC40 Recharge,2022,Ultimate AWD,5790000,78,418,2022,2022
Volvo,XC40 Recharge,2022,Ultimate AWD,5790000,78,418,2022,2023
Volvo,XC40 Recharge,2022,Ultimate AWD,5790000,78,418,2022,2024
Volvo,XC40 Recharge,2022,Ultimate AWD,5790000,78,418,2022,2025
Volvo,XC40 Recharge,2022,Ultimate AWD,5790000,78,418,2022,2026
Volvo,XC40 Recharge,2022,Plus,5495000,69,475,2023,2023
Volvo,XC40 Recharge,2022,Plus,5495000,69,475,2023,2024
Volvo,XC40 Recharge,2022,Plus,5495000,69,475,2023,2025
Volvo,XC40 Recharge,2022,Plus,5495000,69,475,2023,2026
Volvo,XC40 Recharge,2022,Ultimate AWD,5790000,78,418,2023,2023
Volvo,XC40 Recharge,2022,Ultimate AWD,5790000,78,418,2023,2024
Volvo,XC40 Recharge,2022,Ultimate AWD,5790000,78,418,2023,2025
Volvo,XC40 Recharge,2022,Ultimate AWD,5790000,78,418,2023,2026
Volvo,XC40 Recharge,2022,Plus,5495000,69,475,2024,2024
Volvo,XC40 Recharge,2022,Plus,5495000,69,475,2024,2025
Volvo,XC40 Recharge,2022,Plus,5495000,69,475,2024,2026
Volvo,XC40 Recharge,2022,Ultimate AWD,5790000,78,418,2024,2024
Volvo,XC40 Recharge,2022,Ultimate AWD,5790000,78,418,2024,2025
Volvo,XC40 Recharge,2022,Ultimate AWD,5790000,78,418,2024,2026
Mercedes-Benz,EQS,2022,Celebration Edition,13000000,107.8,857,2022,2022
Mercedes-Benz,EQS,2022,Celebration Edition,13000000,107.8,857,2022,2023
Mercedes-Benz,EQS,2022,Celebration Edition,13000000,107.8,857,2022,2024
Mercedes-Benz,EQS,2022,Celebration Edition,13000000,107.8,857,2022,2025
Mercedes-Benz,EQS,2022,Celebration Edition,13000000,107.8,857,2022,2026
Mercedes-Benz,EQS,2022,Celebration Edition,13000000,107.8,857,2023,2023
Mercedes-Benz,EQS,2022,Celebration Edition,13000000,107.8,857,2023,2024
Mercedes-Benz,EQS,2022,Celebration Edition,13000000,107.8,857,2023,2025
Mercedes-Benz,EQS,2022,Celebration Edition,13000000,107.8,857,2023,2026
Mercedes-Benz,EQS,2022,Celebration Edition,13000000,107.8,857,2024,2024
Mercedes-Benz,EQS,2022,Celebration Edition,13000000,107.8,857,2024,2025
Mercedes-Benz,EQS,2022,Celebration Edition,13000000,107.8,857,2024,2026
Mercedes-Benz,EQS,2022,Celebration Edition,13000000,107.8,857,2025,2025
Mercedes-Benz,EQS,2022,Celebration Edition,13000000,107.8,857,2025,2026
Mercedes-Benz,EQS,2022,Celebration Edition,13000000,107.8,857,2026,2026
MG,Comet,2023,Executive,802000,17.3,230,2023,2023
MG,Comet,2023,Executive,802000,17.3,230,2023,2024
MG,Comet,2023,Executive,802000,17.3,230,2023,2025
MG,Comet,2023,Executive,802000,17.3,230,2023,2026
MG,Comet,2023,Excite ,919000,17.3,230,2023,2023
MG,Comet,2023,Excite ,919000,17.3,230,2023,2024
MG,Comet,2023,Excite ,919000,17.3,230,2023,2025
MG,Comet,2023,Excite ,919000,17.3,230,2023,2026
MG,Comet,2023,Excite FC,947000,17.3,230,2023,2023
MG,Comet,2023,Excite FC,947000,17.3,230,2023,2024
MG,Comet,2023,Excite FC,947000,17.3,230,2023,2025
MG,Comet,2023,Excite FC,947000,17.3,230,2023,2026
MG,Comet,2023,Exclusive,1023000,17.3,230,2023,2023
MG,Comet,2023,Exclusive,1023000,17.3,230,2023,2024
MG,Comet,2023,Exclusive,1023000,17.3,230,2023,2025
MG,Comet,2023,Exclusive,1023000,17.3,230,2023,2026
MG,Comet,2023,Executive,802000,17.3,230,2024,2024
MG,Comet,2023,Executive,802000,17.3,230,2024,2025
MG,Comet,2023,Executive,802000,17.3,230,2024,2026
MG,Comet,2023,Excite ,919000,17.3,230,2024,2024
MG,Comet,2023,Excite ,919000,17.3,230,2024,2025
MG,Comet,2023,Excite ,919000,17.3,230,2024,2026
MG,Comet,2023,Excite FC,947000,17.3,230,2024,2024
MG,Comet,2023,Excite FC,947000,17.3,230,2024,2025
MG,Comet,2023,Excite FC,947000,17.3,230,2024,2026
MG,Comet,2023,Exclusive,1023000,17.3,230,2024,2024
MG,Comet,2023,Exclusive,1023000,17.3,230,2024,2025
MG,Comet,2023,Exclusive,1023000,17.3,230,2024,2026
MG,Comet,2023,Executive,802000,17.3,230,2025,2025
MG,Comet,2023,Executive,802000,17.3,230,2025,2026
MG,Comet,2023,Excite ,919000,17.3,230,2025,2025
MG,Comet,2023,Excite ,919000,17.3,230,2025,2026
MG,Comet,2023,Excite FC,947000,17.3,230,2025,2025
MG,Comet,2023,Excite FC,947000,17.3,230,2025,2026
MG,Comet,2023,Exclusive,1023000,17.3,230,2025,2025
MG,Comet,2023,Excite FC,947000,17.3,230,2025,2026
MG,Comet,2023,Executive,802000,17.3,230,2026,2026
MG,Comet,2023,Excite ,919000,17.3,230,2026,2026
MG,Comet,2023,Excite FC,947000,17.3,230,2026,2026
MG,Comet,2023,Excite FC,947000,17.3,230,2026,2026
Mercedes-Benz,EQE,2023,500 4MATIC,14900000,90.56,550,2023,2023
Mercedes-Benz,EQE,2023,500 4MATIC,14900000,90.56,550,2023,2024
Mercedes-Benz,EQE,2023,500 4MATIC,14900000,90.56,550,2023,2025
Mercedes-Benz,EQE,2023,500 4MATIC,14900000,90.56,550,2023,2026
Mercedes-Benz,EQE,2023,500 4MATIC,14900000,90.56,550,2024,2024
Mercedes-Benz,EQE,2023,500 4MATIC,14900000,90.56,550,2024,2025
Mercedes-Benz,EQE,2023,500 4MATIC,14900000,90.56,550,2024,2026
Mercedes-Benz,EQE,2023,500 4MATIC,14900000,90.56,550,2025,2025
Mercedes-Benz,EQE,2023,500 4MATIC,14900000,90.56,550,2025,2026
Mercedes-Benz,EQE,2023,500 4MATIC,14900000,90.56,550,2026,2026
Audi ,Q8 e-tron,2023,50,12100000,95,491,2023,2023
Audi ,Q8 e-tron,2023,50,12100000,95,491,2023,2024
Audi ,Q8 e-tron,2023,50,12100000,95,491,2023,2025
Audi ,Q8 e-tron,2023,50,12100000,95,491,2023,2026
Audi ,Q8 e-tron,2023,55,13400000,114,582,2023,2023
Audi ,Q8 e-tron,2023,55,13400000,114,582,2023,2024
Audi ,Q8 e-tron,2023,55,13400000,114,582,2023,2025
Audi ,Q8 e-tron,2023,55,13400000,114,582,2023,2026
Audi ,Q8 e-tron,2023,50,12100000,95,491,2024,2024
Audi ,Q8 e-tron,2023,50,12100000,95,491,2024,2025
Audi ,Q8 e-tron,2023,50,12100000,95,491,2024,2026
Audi ,Q8 e-tron,2023,55,13400000,114,582,2024,2024
Audi ,Q8 e-tron,2023,55,13400000,114,582,2024,2025
Audi ,Q8 e-tron,2023,55,13400000,114,582,2024,2026
Audi ,Q8 e-tron,2023,50,12100000,95,491,2025,2025
Audi ,Q8 e-tron,2023,50,12100000,95,491,2025,2026
Audi ,Q8 e-tron,2023,55,13400000,114,582,2025,2025
Audi ,Q8 e-tron,2023,55,13400000,114,582,2025,2026
Audi ,Q8 e-tron,2023,50,12100000,95,491,2026,2026
Audi ,Q8 e-tron,2023,55,13400000,114,582,2026,2026
Hyundai,Ioniq 5,2023,RWD,4495000,72.6,631,2023,2023
Hyundai,Ioniq 5,2023,RWD,4495000,72.6,631,2023,2024
Hyundai,Ioniq 5,2023,RWD,4495000,72.6,631,2023,2025
Hyundai,Ioniq 5,2023,RWD,4495000,72.6,631,2023,2026
Hyundai,Ioniq 5,2023,RWD,4495000,72.6,631,2024,2024
Hyundai,Ioniq 5,2023,RWD,4495000,72.6,631,2024,2025
Hyundai,Ioniq 5,2023,RWD,4495000,72.6,631,2024,2026
Hyundai,Ioniq 5,2023,RWD,4495000,72.6,631,2025,2025
Hyundai,Ioniq 5,2023,RWD,4495000,72.6,631,2025,2026
Hyundai,Ioniq 5,2023,RWD,4495000,72.6,631,2026,2026
Mercedes-Benz,EQB,2023,350 4MATIC,8318000,66.5,423,2023,2023
Mercedes-Benz,EQB,2023,350 4MATIC,8318000,66.5,423,2023,2024
Mercedes-Benz,EQB,2023,350 4MATIC,8318000,66.5,423,2023,2025
Mercedes-Benz,EQB,2023,350 4MATIC,8318000,66.5,423,2023,2026
Mercedes-Benz,EQB,2023,350 4MATIC,8318000,66.5,423,2024,2024
Mercedes-Benz,EQB,2023,350 4MATIC,8318000,66.5,423,2024,2025
Mercedes-Benz,EQB,2023,350 4MATIC,8318000,66.5,423,2024,2026
Mercedes-Benz,EQB,2023,350 4MATIC,8318000,66.5,423,2025,2025
Mercedes-Benz,EQB,2023,350 4MATIC,8318000,66.5,423,2025,2026
Mercedes-Benz,EQB,2023,350 4MATIC,8318000,66.5,423,2026,2026
Audi ,Sportback e-tron,2023,50,12700000,95,491,2023,2023
Audi ,Sportback e-tron,2023,50,12700000,95,491,2023,2024
Audi ,Sportback e-tron,2023,50,12700000,95,491,2023,2025
Audi ,Sportback e-tron,2023,50,12700000,95,491,2023,2026
Audi ,Sportback e-tron,2023,55,13400000,114,582,2023,2023
Audi ,Sportback e-tron,2023,55,13400000,114,582,2023,2024
Audi ,Sportback e-tron,2023,55,13400000,114,582,2023,2025
Audi ,Sportback e-tron,2023,55,13400000,114,582,2023,2026
Audi ,Sportback e-tron,2023,50,12700000,95,491,2024,2024
Audi ,Sportback e-tron,2023,50,12700000,95,491,2024,2025
Audi ,Sportback e-tron,2023,50,12700000,95,491,2024,2026
Audi ,Sportback e-tron,2023,55,13400000,114,582,2024,2024
Audi ,Sportback e-tron,2023,55,13400000,114,582,2024,2025
Audi ,Sportback e-tron,2023,55,13400000,114,582,2024,2026
Audi ,Sportback e-tron,2023,50,12700000,95,491,2025,2025
Audi ,Sportback e-tron,2023,50,12700000,95,491,2025,2026
Audi ,Sportback e-tron,2023,55,13400000,114,582,2025,2025
Audi ,Sportback e-tron,2023,55,13400000,114,582,2025,2026
Audi ,Sportback e-tron,2023,50,12700000,95,491,2026,2026
Audi ,Sportback e-tron,2023,55,13400000,114,582,2026,2026
BMW,iX 1,2023,xDrive30 M Sport,7061000,66.4,417,2023,2023
BMW,iX 1,2023,xDrive30 M Sport,7061000,66.4,417,2023,2024
BMW,iX 1,2023,xDrive30 M Sport,7061000,66.4,417,2023,2025
BMW,iX 1,2023,xDrive30 M Sport,7061000,66.4,417,2023,2026
BMW,iX 1,2023,xDrive30 M Sport,7061000,66.4,417,2024,2024
BMW,iX 1,2023,xDrive30 M Sport,7061000,66.4,417,2024,2025
BMW,iX 1,2023,xDrive30 M Sport,7061000,66.4,417,2024,2026
BMW,iX 1,2023,xDrive30 M Sport,7061000,66.4,417,2025,2025
BMW,iX 1,2023,xDrive30 M Sport,7061000,66.4,417,2025,2026
BMW,iX 1,2023,xDrive30 M Sport,7061000,66.4,417,2026,2026
Mahindra,XUV 400,2023,EC Pro,1549000,34.5,350,2023,2023
Mahindra,XUV 400,2023,EC Pro,1549000,34.5,350,2023,2024
Mahindra,XUV 400,2023,EC Pro,1549000,34.5,350,2023,2025
Mahindra,XUV 400,2023,EC Pro,1549000,34.5,350,2023,2026
Mahindra,XUV 400,2023,EL Pro,1750000,39.4,450,2023,2023
Mahindra,XUV 400,2023,EL Pro,1750000,39.4,450,2023,2024
Mahindra,XUV 400,2023,EL Pro,1750000,39.4,450,2023,2025
Mahindra,XUV 400,2023,EL Pro,1750000,39.4,450,2023,2026
Mahindra,XUV 400,2023,EC Pro,1549000,34.5,350,2024,2024
Mahindra,XUV 400,2023,EC Pro,1549000,34.5,350,2024,2025
Mahindra,XUV 400,2023,EC Pro,1549000,34.5,350,2024,2026
Mahindra,XUV 400,2023,EL Pro,1750000,39.4,450,2024,2024
Mahindra,XUV 400,2023,EL Pro,1750000,39.4,450,2024,2025
Mahindra,XUV 400,2023,EL Pro,1750000,39.4,450,2024,2026
Mahindra,XUV 400,2023,EC Pro,1549000,34.5,350,2025,2025
Mahindra,XUV 400,2023,EC Pro,1549000,34.5,350,2025,2026
Mahindra,XUV 400,2023,EL Pro,1750000,39.4,450,2025,2025
Mahindra,XUV 400,2023,EL Pro,1750000,39.4,450,2025,2026
Mahindra,XUV 400,2023,EC Pro,1549000,34.5,350,2026,2026
Mahindra,XUV 400,2023,EL Pro,1750000,39.4,450,2026,2026
BMW,i7,2023,eDrive50 M Sport,20500000,101.7,603,2023,2023
BMW,i7,2023,eDrive50 M Sport,20500000,101.7,603,2023,2024
BMW,i7,2023,eDrive50 M Sport,20500000,101.7,603,2023,2025
BMW,i7,2023,eDrive50 M Sport,20500000,101.7,603,2023,2026
BMW,i7,2023,xDrive60 M Sport,21300000,101.7,603,2023,2023
BMW,i7,2023,xDrive60 M Sport,21300000,101.7,603,2023,2024
BMW,i7,2023,xDrive60 M Sport,21300000,101.7,603,2023,2025
BMW,i7,2023,xDrive60 M Sport,21300000,101.7,603,2023,2026
BMW,i7,2023,i7 M70 xDrive,25800000,101.7,603,2023,2023
BMW,i7,2023,i7 M70 xDrive,25800000,101.7,603,2023,2024
BMW,i7,2023,i7 M70 xDrive,25800000,101.7,603,2023,2025
BMW,i7,2023,i7 M70 xDrive,25800000,101.7,603,2023,2026
BMW,i7,2023,eDrive50 M Sport,20500000,101.7,603,2024,2024
BMW,i7,2023,eDrive50 M Sport,20500000,101.7,603,2024,2025
BMW,i7,2023,eDrive50 M Sport,20500000,101.7,603,2024,2026
BMW,i7,2023,xDrive60 M Sport,21300000,101.7,603,2024,2024
BMW,i7,2023,xDrive60 M Sport,21300000,101.7,603,2024,2025
BMW,i7,2023,xDrive60 M Sport,21300000,101.7,603,2024,2026
BMW,i7,2023,i7 M70 xDrive,25800000,101.7,603,2024,2024
BMW,i7,2023,i7 M70 xDrive,25800000,101.7,603,2024,2025
BMW,i7,2023,i7 M70 xDrive,25800000,101.7,603,2024,2026
BMW,i7,2023,eDrive50 M Sport,20500000,101.7,603,2025,2025
BMW,i7,2023,eDrive50 M Sport,20500000,101.7,603,2025,2026
BMW,i7,2023,xDrive60 M Sport,21300000,101.7,603,2025,2025
BMW,i7,2023,xDrive60 M Sport,21300000,101.7,603,2025,2026
BMW,i7,2023,i7 M70 xDrive,25800000,101.7,603,2025,2025
BMW,i7,2023,i7 M70 xDrive,25800000,101.7,603,2025,2026
BMW,i7,2023,eDrive50 M Sport,20500000,101.7,603,2026,2026
BMW,i7,2023,xDrive60 M Sport,21300000,101.7,603,2026,2026
BMW,i7,2023,i7 M70 xDrive,25800000,101.7,603,2026,2026
Citreon,eC3,2023,Feel,1290000,29.2,320,2023,2023
Citreon,eC3,2023,Feel,1290000,29.2,320,2023,2024
Citreon,eC3,2023,Feel,1290000,29.2,320,2023,2025
Citreon,eC3,2023,Feel,1290000,29.2,320,2023,2026
Citreon,eC3,2023,Shine,1326000,29.2,320,2023,2023
Citreon,eC3,2023,Shine,1326000,29.2,320,2023,2024
Citreon,eC3,2023,Shine,1326000,29.2,320,2023,2025
Citreon,eC3,2023,Shine,1326000,29.2,320,2023,2026
Citreon,eC3,2023,Shine Vibe Pack,1338000,29.2,320,2023,2023
Citreon,eC3,2023,Shine Vibe Pack,1338000,29.2,320,2023,2024
Citreon,eC3,2023,Shine Vibe Pack,1338000,29.2,320,2023,2025
Citreon,eC3,2023,Shine Vibe Pack,1338000,29.2,320,2023,2026
Citreon,eC3,2023,Shine Dual Tone,1341000,29.2,320,2023,2023
Citreon,eC3,2023,Shine Dual Tone,1341000,29.2,320,2023,2024
Citreon,eC3,2023,Shine Dual Tone,1341000,29.2,320,2023,2025
Citreon,eC3,2023,Shine Dual Tone,1341000,29.2,320,2023,2026
Citreon,eC3,2023,Shine Vibe Pack Dual Tone,1353000,29.2,320,2023,2023
Citreon,eC3,2023,Shine Vibe Pack Dual Tone,1353000,29.2,320,2023,2024
Citreon,eC3,2023,Shine Vibe Pack Dual Tone,1353000,29.2,320,2023,2025
Citreon,eC3,2023,Shine Vibe Pack Dual Tone,1353000,29.2,320,2023,2026
Citreon,eC3,2023,Feel,1290000,29.2,320,2024,2024
Citreon,eC3,2023,Feel,1290000,29.2,320,2024,2025
Citreon,eC3,2023,Feel,1290000,29.2,320,2024,2026
Citreon,eC3,2023,Shine,1326000,29.2,320,2024,2024
Citreon,eC3,2023,Shine,1326000,29.2,320,2024,2025
Citreon,eC3,2023,Shine,1326000,29.2,320,2024,2026
Citreon,eC3,2023,Shine Vibe Pack,1338000,29.2,320,2024,2024
Citreon,eC3,2023,Shine Vibe Pack,1338000,29.2,320,2024,2025
Citreon,eC3,2023,Shine Vibe Pack,1338000,29.2,320,2024,2026
Citreon,eC3,2023,Shine Dual Tone,1341000,29.2,320,2024,2024
Citreon,eC3,2023,Shine Dual Tone,1341000,29.2,320,2024,2025
Citreon,eC3,2023,Shine Dual Tone,1341000,29.2,320,2024,2026
Citreon,eC3,2023,Shine Vibe Pack Dual Tone,1353000,29.2,320,2024,2024
Citreon,eC3,2023,Shine Vibe Pack Dual Tone,1353000,29.2,320,2024,2025
Citreon,eC3,2023,Shine Vibe Pack Dual Tone,1353000,29.2,320,2024,2026
Citreon,eC3,2023,Feel,1290000,29.2,320,2025,2025
Citreon,eC3,2023,Feel,1290000,29.2,320,2025,2026
Citreon,eC3,2023,Shine,1326000,29.2,320,2025,2025
Citreon,eC3,2023,Shine,1326000,29.2,320,2025,2026
Citreon,eC3,2023,Shine Vibe Pack,1338000,29.2,320,2025,2025
Citreon,eC3,2023,Shine Vibe Pack,1338000,29.2,320,2025,2026
Citreon,eC3,2023,Shine Dual Tone,1341000,29.2,320,2025,2025
Citreon,eC3,2023,Shine Dual Tone,1341000,29.2,320,2025,2026
Citreon,eC3,2023,Shine Vibe Pack Dual Tone,1353000,29.2,320,2025,2025
Citreon,eC3,2023,Shine Vibe Pack Dual Tone,1353000,29.2,320,2025,2026
Citreon,eC3,2023,Feel,1290000,29.2,320,2026,2026
Citreon,eC3,2023,Shine,1326000,29.2,320,2026,2026
Citreon,eC3,2023,Shine Vibe Pack,1338000,29.2,320,2026,2026
Citreon,eC3,2023,Shine Dual Tone,1341000,29.2,320,2026,2026
Citreon,eC3,2023,Shine Vibe Pack Dual Tone,1353000,29.2,320,2026,2026
Tata,Curvv EV,2024,Creative 45,1749000,45,430,2024,2024
Tata,Curvv EV,2024,Creative 45,1749000,45,430,2024,2025
Tata,Curvv EV,2024,Creative 45,1749000,45,430,2024,2026
Tata,Curvv EV,2024,Accomplished 45,1849000,45,430,2024,2024
Tata,Curvv EV,2024,Accomplished 45,1849000,45,430,2024,2025
Tata,Curvv EV,2024,Accomplished 45,1849000,45,430,2024,2026
Tata,Curvv EV,2024,Accomplished 55,1925000,55,502,2024,2024
Tata,Curvv EV,2024,Accomplished 55,1925000,55,502,2024,2025
Tata,Curvv EV,2024,Accomplished 55,1925000,55,502,2024,2026
Tata,Curvv EV,2024,Accomplished Plus S 45,1929000,45,430,2024,2024
Tata,Curvv EV,2024,Accomplished Plus S 45,1929000,45,430,2024,2025
Tata,Curvv EV,2024,Accomplished Plus S 45,1929000,45,430,2024,2026
Tata,Curvv EV,2024,Accomplished Plus S 55,1999000,55,502,2024,2024
Tata,Curvv EV,2024,Accomplished Plus S 55,1999000,55,502,2024,2025
Tata,Curvv EV,2024,Accomplished Plus S 55,1999000,55,502,2024,2026
Tata,Curvv EV,2024,Empowered Plus 55,2125000,55,502,2024,2024
Tata,Curvv EV,2024,Empowered Plus 55,2125000,55,502,2024,2025
Tata,Curvv EV,2024,Empowered Plus 55,2125000,55,502,2024,2026
Tata,Curvv EV,2024,Empowered Plus A 55,2199000,55,502,2024,2024
Tata,Curvv EV,2024,Empowered Plus A 55,2199000,55,502,2024,2025
Tata,Curvv EV,2024,Empowered Plus A 55,2199000,55,502,2024,2026
Tata,Curvv EV,2024,Empowered Plus A 55 Dark Edition,2224000,55,502,2024,2024
Tata,Curvv EV,2024,Empowered Plus A 55 Dark Edition,2224000,55,502,2024,2025
Tata,Curvv EV,2024,Empowered Plus A 55 Dark Edition,2224000,55,502,2024,2026
Tata,Curvv EV,2024,Creative 45,1749000,45,430,2025,2025
Tata,Curvv EV,2024,Creative 45,1749000,45,430,2025,2026
Tata,Curvv EV,2024,Accomplished 45,1849000,45,430,2025,2025
Tata,Curvv EV,2024,Accomplished 45,1849000,45,430,2025,2026
Tata,Curvv EV,2024,Accomplished 55,1925000,55,502,2025,2025
Tata,Curvv EV,2024,Accomplished 55,1925000,55,502,2025,2026
Tata,Curvv EV,2024,Accomplished Plus S 45,1929000,45,430,2025,2025
Tata,Curvv EV,2024,Accomplished Plus S 45,1929000,45,430,2025,2026
Tata,Curvv EV,2024,Accomplished Plus S 55,1999000,55,502,2025,2025
Tata,Curvv EV,2024,Accomplished Plus S 55,1999000,55,502,2025,2026
Tata,Curvv EV,2024,Empowered Plus 55,2125000,55,502,2025,2025
Tata,Curvv EV,2024,Empowered Plus 55,2125000,55,502,2025,2026
Tata,Curvv EV,2024,Empowered Plus A 55,2199000,55,502,2025,2025
Tata,Curvv EV,2024,Empowered Plus A 55,2199000,55,502,2025,2026
Tata,Curvv EV,2024,Empowered Plus A 55 Dark Edition,2224000,55,502,2025,2025
Tata,Curvv EV,2024,Empowered Plus A 55 Dark Edition,2224000,55,502,2025,2026
Tata,Curvv EV,2024,Creative 45,1749000,45,430,2026,2026
Tata,Curvv EV,2024,Accomplished 45,1849000,45,430,2026,2026
Tata,Curvv EV,2024,Accomplished 55,1925000,55,502,2026,2026
Tata,Curvv EV,2024,Accomplished Plus S 45,1929000,45,430,2026,2026
Tata,Curvv EV,2024,Accomplished Plus S 55,1999000,55,502,2026,2026
Tata,Curvv EV,2024,Empowered Plus 55,2125000,55,502,2026,2026
Tata,Curvv EV,2024,Empowered Plus A 55,2199000,55,502,2026,2026
Tata,Curvv EV,2024,Empowered Plus A 55 Dark Edition,2224000,55,502,2026,2026
Mahindra,BE 6,2024,Pack One ,1890000,59,557,2024,2024
Mahindra,BE 6,2024,Pack One ,1890000,59,557,2024,2025
Mahindra,BE 6,2024,Pack One ,1890000,59,557,2024,2026
Mahindra,BE 6,2024,Pack One Above,2050000,59,557,2024,2024
Mahindra,BE 6,2024,Pack One Above,2050000,59,557,2024,2025
Mahindra,BE 6,2024,Pack One Above,2050000,59,557,2024,2026
Mahindra,BE 6,2024,Pack Two,2190000,59,557,2024,2024
Mahindra,BE 6,2024,Pack Two,2190000,59,557,2024,2025
Mahindra,BE 6,2024,Pack Two,2190000,59,557,2024,2026
Mahindra,BE 6,2024,Pack Two,2190000,79,683,2024,2024
Mahindra,BE 6,2024,Pack Two,2350000,79,683,2024,2025
Mahindra,BE 6,2024,Pack Two,2350000,79,683,2024,2026
Mahindra,BE 6,2024,Pack Three Select ,2450000,59,557,2024,2024
Mahindra,BE 6,2024,Pack Three Select ,2450000,59,557,2024,2025
Mahindra,BE 6,2024,Pack Three Select ,2450000,59,557,2024,2026
Mahindra,BE 6,2024,Pack Three ,2690000,79,683,2024,2024
Mahindra,BE 6,2024,Pack Three ,2690000,79,683,2024,2025
Mahindra,BE 6,2024,Pack Three ,2690000,79,683,2024,2026
Mahindra,BE 6,2024,Pack One ,1890000,59,557,2025,2025
Mahindra,BE 6,2024,Pack One ,1890000,59,557,2025,2026
Mahindra,BE 6,2024,Pack One Above,2050000,59,557,2025,2025
Mahindra,BE 6,2024,Pack One Above,2050000,59,557,2025,2026
Mahindra,BE 6,2024,Pack Two,2190000,59,557,2025,2025
Mahindra,BE 6,2024,Pack Two,2190000,59,557,2025,2026
Mahindra,BE 6,2024,Pack Two,2350000,79,683,2025,2025
Mahindra,BE 6,2024,Pack Two,2350000,79,683,2025,2026
Mahindra,BE 6,2024,Pack Three Select ,2450000,59,557,2025,2025
Mahindra,BE 6,2024,Pack Three Select ,2450000,59,557,2025,2026
Mahindra,BE 6,2024,Pack Three ,2690000,79,683,2025,2025
Mahindra,BE 6,2024,Pack Three ,2690000,79,683,2025,2026
Mahindra,BE 6,2024,Pack One ,1890000,59,557,2026,2026
Mahindra,BE 6,2024,Pack One Above,2050000,59,557,2026,2026
Mahindra,BE 6,2024,Pack Two,2190000,59,557,2026,2026
Mahindra,BE 6,2024,Pack Two,2350000,79,683,2026,2025
Mahindra,BE 6,2024,Pack Three Select ,2450000,59,557,2026,2026
Mahindra,BE 6,2024,Pack Three ,2690000,79,683,2026,2026
BYD,Seal,2024,Dynamic,4100000,61.44,510,2024,2024
BYD,Seal,2024,Dynamic,4100000,61.44,510,2024,2025
BYD,Seal,2024,Dynamic,4100000,61.44,510,2024,2026
BYD,Seal,2024,Premium,4570000,82.56,650,2024,2024
BYD,Seal,2024,Premium,4570000,82.56,650,2024,2025
BYD,Seal,2024,Premium,4570000,82.56,650,2024,2026
BYD,Seal,2024,Performance,5315000,82.56,650,2024,2024
BYD,Seal,2024,Performance,5315000,82.56,650,2024,2025
BYD,Seal,2024,Performance,5315000,82.56,650,2024,2026
BYD,Seal,2024,Dynamic,4100000,61.44,510,2025,2025
BYD,Seal,2024,Dynamic,4100000,61.44,510,2025,2026
BYD,Seal,2024,Premium,4570000,82.56,650,2025,2025
BYD,Seal,2024,Premium,4570000,82.56,650,2025,2026
BYD,Seal,2024,Performance,5315000,82.56,650,2025,2025
BYD,Seal,2024,Performance,5315000,82.56,650,2025,2026
BYD,Seal,2024,Dynamic,4100000,61.44,510,2026,2026
BYD,Seal,2024,Premium,4570000,82.56,650,2026,2026
BYD,Seal,2024,Performance,5315000,82.56,650,2026,2026
Mahindra,XEV 9E,2024,Pack One,2190000,59,542,2024,2024
Mahindra,XEV 9E,2024,Pack One,2190000,59,542,2024,2025
Mahindra,XEV 9E,2024,Pack One,2190000,59,542,2024,2026
Mahindra,XEV 9E,2024,Pack Two,2490000,59,542,2024,2024
Mahindra,XEV 9E,2024,Pack Two,2490000,59,542,2024,2025
Mahindra,XEV 9E,2024,Pack Two,2490000,59,542,2024,2026
Mahindra,XEV 9E,2024,Pack Two,2650000,79,656,2024,2024
Mahindra,XEV 9E,2024,Pack Two,2650000,79,656,2024,2025
Mahindra,XEV 9E,2024,Pack Two,2650000,79,656,2024,2026
Mahindra,XEV 9E,2024,Pack Three Select ,2840000,59,542,2024,2024
Mahindra,XEV 9E,2024,Pack Three Select ,2840000,59,542,2024,2025
Mahindra,XEV 9E,2024,Pack Three Select ,2840000,59,542,2024,2026
Mahindra,XEV 9E,2024,Pack Three ,2790000,79,656,2024,2024
Mahindra,XEV 9E,2024,Pack Three ,2790000,79,656,2024,2025
Mahindra,XEV 9E,2024,Pack Three ,2790000,79,656,2024,2026
Mahindra,XEV 9E,2024,Pack One,2190000,59,542,2025,2025
Mahindra,XEV 9E,2024,Pack One,2190000,59,542,2025,2026
Mahindra,XEV 9E,2024,Pack Two,2490000,59,542,2025,2025
Mahindra,XEV 9E,2024,Pack Two,2490000,59,542,2025,2026
Mahindra,XEV 9E,2024,Pack Two,2650000,79,656,2025,2025
Mahindra,XEV 9E,2024,Pack Two,2650000,79,656,2025,2026
Mahindra,XEV 9E,2024,Pack Three Select ,2840000,59,542,2025,2025
Mahindra,XEV 9E,2024,Pack Three Select ,2840000,59,542,2025,2026
Mahindra,XEV 9E,2024,Pack Three ,2790000,79,656,2025,2025
Mahindra,XEV 9E,2024,Pack Three ,2790000,79,656,2025,2026
Mahindra,XEV 9E,2024,Pack One,2190000,59,542,2026,2026
Mahindra,XEV 9E,2024,Pack Two,2490000,59,542,2026,2026
Mahindra,XEV 9E,2024,Pack Two,2650000,79,656,2026,2026
Mahindra,XEV 9E,2024,Pack Three Select ,2840000,59,542,2026,2026
Mahindra,XEV 9E,2024,Pack Three ,2790000,79,656,2026,2026
MG,Windsor EV,2024,Excite,1198000,38,331,2024,2024
MG,Windsor EV,2024,Excite,1198000,38,331,2024,2025
MG,Windsor EV,2024,Excite,1198000,38,331,2024,2026
MG,Windsor EV,2024,Exclusive,1333000,38,331,2024,2024
MG,Windsor EV,2024,Exclusive,1333000,38,331,2024,2025
MG,Windsor EV,2024,Exclusive,1333000,38,331,2024,2026
MG,Windsor EV,2024,Essence,1441000,38,331,2024,2024
MG,Windsor EV,2024,Essence,1441000,38,331,2024,2025
MG,Windsor EV,2024,Essence,1441000,38,331,2024,2026
MG,Windsor EV,2024,Exclusive Pro,1482000,52.9,449,2024,2024
MG,Windsor EV,2024,Exclusive Pro,1482000,52.9,449,2024,2025
MG,Windsor EV,2024,Exclusive Pro,1482000,52.9,449,2024,2026
MG,Windsor EV,2024,Essence Pro,1595000,52.9,449,2024,2024
MG,Windsor EV,2024,Essence Pro,1595000,52.9,449,2024,2025
MG,Windsor EV,2024,Essence Pro,1595000,52.9,449,2024,2026
MG,Windsor EV,2024,Excite,1198000,38,331,2025,2025
MG,Windsor EV,2024,Excite,1198000,38,331,2025,2026
MG,Windsor EV,2024,Exclusive,1333000,38,331,2025,2025
MG,Windsor EV,2024,Exclusive,1333000,38,331,2025,2026
MG,Windsor EV,2024,Essence,1441000,38,331,2025,2025
MG,Windsor EV,2024,Essence,1441000,38,331,2025,2026
MG,Windsor EV,2024,Exclusive Pro,1482000,52.9,449,2025,2025
MG,Windsor EV,2024,Exclusive Pro,1482000,52.9,449,2025,2026
MG,Windsor EV,2024,Essence Pro,1595000,52.9,449,2025,2025
MG,Windsor EV,2024,Essence Pro,1595000,52.9,449,2025,2026
MG,Windsor EV,2024,Excite,1198000,38,331,2026,2026
MG,Windsor EV,2024,Exclusive,1333000,38,331,2026,2026
MG,Windsor EV,2024,Essence,1441000,38,331,2026,2026
MG,Windsor EV,2024,Exclusive Pro,1482000,52.9,449,2026,2026
MG,Windsor EV,2024,Essence Pro,1595000,52.9,449,2026,2026
BMW,i5,2024,M60 xDrive,12000000,83.9,516,2024,2024
BMW,i5,2024,M60 xDrive,12000000,83.9,516,2024,2025
BMW,i5,2024,M60 xDrive,12000000,83.9,516,2024,2026
BMW,i5,2024,M60 xDrive,12000000,83.9,516,2025,2025
BMW,i5,2024,M60 xDrive,12000000,83.9,516,2025,2026
BMW,i5,2024,M60 xDrive,12000000,83.9,516,2026,2026
Kia,EV9,2024,GT-Line,13000000,99.8,561,2024,2024
Kia,EV9,2024,GT-Line,13000000,99.8,561,2024,2025
Kia,EV9,2024,GT-Line,13000000,99.8,561,2024,2026
Kia,EV9,2024,GT-Line,13000000,99.8,561,2025,2025
Kia,EV9,2024,GT-Line,13000000,99.8,561,2025,2026
Kia,EV9,2024,GT-Line,13000000,99.8,561,2026,2026
BYD,eMax 7,2024,Premium 6 STR,2690000,55.4,420,2024,2024
BYD,eMax 7,2024,Premium 6 STR,2690000,55.4,420,2024,2025
BYD,eMax 7,2024,Premium 6 STR,2690000,55.4,420,2024,2026
BYD,eMax 7,2024,Premium 7 STR,2750000,55.4,420,2024,2024
BYD,eMax 7,2024,Premium 7 STR,2750000,55.4,420,2024,2025
BYD,eMax 7,2024,Premium 7 STR,2750000,55.4,420,2024,2026
BYD,eMax 7,2024,Superior 6 STR,2930000,71.8,530,2024,2024
BYD,eMax 7,2024,Superior 6 STR,2930000,71.8,530,2024,2025
BYD,eMax 7,2024,Superior 6 STR,2930000,71.8,530,2024,2026
BYD,eMax 7,2024,Superior 7 STR,2990000,71.8,530,2024,2024
BYD,eMax 7,2024,Superior 7 STR,2990000,71.8,530,2024,2025
BYD,eMax 7,2024,Superior 7 STR,2990000,71.8,530,2024,2026
BYD,eMax 7,2024,Premium 6 STR,2690000,55.4,420,2025,2025
BYD,eMax 7,2024,Premium 6 STR,2690000,55.4,420,2025,2026
BYD,eMax 7,2024,Premium 7 STR,2750000,55.4,420,2025,2025
BYD,eMax 7,2024,Premium 7 STR,2750000,55.4,420,2025,2026
BYD,eMax 7,2024,Superior 6 STR,2930000,71.8,530,2025,2025
BYD,eMax 7,2024,Superior 6 STR,2930000,71.8,530,2025,2026
BYD,eMax 7,2024,Superior 7 STR,2990000,71.8,530,2025,2025
BYD,eMax 7,2024,Superior 7 STR,2990000,71.8,530,2025,2026
BYD,eMax 7,2024,Premium 6 STR,2690000,55.4,420,2026,2026
BYD,eMax 7,2024,Premium 7 STR,2750000,55.4,420,2026,2026
BYD,eMax 7,2024,Superior 6 STR,2930000,71.8,530,2026,2026
BYD,eMax 7,2024,Superior 7 STR,2990000,71.8,530,2026,2026
Mini,Countryman Electric,2024,E,5490000,66.45,462,2024,2024
Mini,Countryman Electric,2024,E,5490000,66.45,462,2024,2025
Mini,Countryman Electric,2024,E,5490000,66.45,462,2024,2026
Mini,Countryman Electric,2024,Favoured Pack,5995000,66.45,462,2024,2024
Mini,Countryman Electric,2024,Favoured Pack,5995000,66.45,462,2024,2025
Mini,Countryman Electric,2024,Favoured Pack,5995000,66.45,462,2024,2026
Mini,Countryman Electric,2024,JCW,6200000,66.45,462,2024,2024
Mini,Countryman Electric,2024,JCW,6200000,66.45,462,2024,2025
Mini,Countryman Electric,2024,JCW,6200000,66.45,462,2024,2026
Mini,Countryman Electric,2024,SE ALL4,6690000,66.45,440,2024,2024
Mini,Countryman Electric,2024,SE ALL4,6690000,66.45,440,2024,2025
Mini,Countryman Electric,2024,SE ALL4,6690000,66.45,440,2024,2026
Mini,Countryman Electric,2024,E,5490000,66.45,462,2025,2025
Mini,Countryman Electric,2024,E,5490000,66.45,462,2025,2026
Mini,Countryman Electric,2024,Favoured Pack,5995000,66.45,462,2025,2025
Mini,Countryman Electric,2024,Favoured Pack,5995000,66.45,462,2025,2026
Mini,Countryman Electric,2024,JCW,6200000,66.45,462,2025,2025
Mini,Countryman Electric,2024,JCW,6200000,66.45,462,2025,2026
Mini,Countryman Electric,2024,SE ALL4,6690000,66.45,440,2025,2025
Mini,Countryman Electric,2024,SE ALL4,6690000,66.45,440,2025,2026
Mini,Countryman Electric,2024,E,5490000,66.45,462,2026,2026
Mini,Countryman Electric,2024,Favoured Pack,5995000,66.45,462,2026,2026
Mini,Countryman Electric,2024,JCW,6200000,66.45,462,2026,2026
Mini,Countryman Electric,2024,SE ALL4,6690000,66.45,440,2026,2026
Volvo,EX40,2024,Plus,5010000,69,480,2024,2024
Volvo,EX40,2024,Plus,5010000,69,480,2024,2025
Volvo,EX40,2024,Plus,5010000,69,480,2024,2026
Volvo,EX40,2024,Plus,5010000,69,480,2025,2025
Volvo,EX40,2024,Plus,5010000,69,480,2025,2026
Volvo,EX40,2024,Plus,5010000,69,480,2026,2026
Mercedes-Benz,Maybach EQS,2024,SUV 680,24000000,122,600,2024,2024
Mercedes-Benz,Maybach EQS,2024,SUV 680,24000000,122,600,2024,2025
Mercedes-Benz,Maybach EQS,2024,SUV 680,24000000,122,600,2024,2026
Mercedes-Benz,Maybach EQS,2024,SUV Night,26300000,122,600,2024,2024
Mercedes-Benz,Maybach EQS,2024,SUV Night,26300000,122,600,2024,2025
Mercedes-Benz,Maybach EQS,2024,SUV Night,26300000,122,600,2024,2026
Mercedes-Benz,Maybach EQS,2024,SUV 680,24000000,122,600,2025,2025
Mercedes-Benz,Maybach EQS,2024,SUV 680,24000000,122,600,2025,2026
Mercedes-Benz,Maybach EQS,2024,SUV Night,26300000,122,600,2025,2025
Mercedes-Benz,Maybach EQS,2024,SUV Night,26300000,122,600,2025,2026
Mercedes-Benz,Maybach EQS,2024,SUV 680,24000000,122,600,2026,2026
Mercedes-Benz,Maybach EQS,2024,SUV Night,26300000,122,600,2026,2026
Volvo,EC40,2024,E80,5900000,78,530,2024,2024
Volvo,EC40,2024,E80,5900000,78,530,2024,2025
Volvo,EC40,2024,E80,5900000,78,530,2024,2026
Volvo,EC40,2024,E80,5900000,78,530,2025,2025
Volvo,EC40,2024,E80,5900000,78,530,2025,2026
Volvo,EC40,2024,E80,5900000,78,530,2026,2026
Mercedes-Benz,G580,2024,G580 with EQ Technology,31000000,116,473,2024,2024
Mercedes-Benz,G580,2024,G580 with EQ Technology,31000000,116,473,2024,2025
Mercedes-Benz,G580,2024,G580 with EQ Technology,31000000,116,473,2024,2026
Mercedes-Benz,G580,2024,G580 with EQ Technology,31000000,116,473,2025,2025
Mercedes-Benz,G580,2024,G580 with EQ Technology,31000000,116,473,2025,2026
Mercedes-Benz,G580,2024,G580 with EQ Technology,31000000,116,473,2026,2026
Porsche,Macan Turbo EV,2024,Base,12200000,100,593,2024,2024
Porsche,Macan Turbo EV,2024,Base,12200000,100,593,2024,2025
Porsche,Macan Turbo EV,2024,Base,12200000,100,593,2024,2026
Porsche,Macan Turbo EV,2024,4S Electric,13900000,100,593,2024,2024
Porsche,Macan Turbo EV,2024,4S Electric,13900000,100,593,2024,2025
Porsche,Macan Turbo EV,2024,4S Electric,13900000,100,593,2024,2026
Porsche,Macan Turbo EV,2024,Electric SUV,17300000,100,593,2024,2024
Porsche,Macan Turbo EV,2024,Electric SUV,17300000,100,593,2024,2025
Porsche,Macan Turbo EV,2024,Electric SUV,17300000,100,593,2024,2026
Porsche,Macan Turbo EV,2024,Base,12200000,100,593,2025,2025
Porsche,Macan Turbo EV,2024,Base,12200000,100,593,2025,2026
Porsche,Macan Turbo EV,2024,4S Electric,13900000,100,593,2025,2025
Porsche,Macan Turbo EV,2024,4S Electric,13900000,100,593,2025,2026
Porsche,Macan Turbo EV,2024,Electric SUV,17300000,100,593,2025,2025
Porsche,Macan Turbo EV,2024,Electric SUV,17300000,100,593,2025,2026
Porsche,Macan Turbo EV,2024,Base,12200000,100,593,2026,2026
Porsche,Macan Turbo EV,2024,4S Electric,13900000,100,593,2026,2026
Porsche,Macan Turbo EV,2024,Electric SUV,17300000,100,593,2026,2026
Rolls-Royce,Spectre,2024,Coupe,75000000,102,577,2024,2024
Rolls-Royce,Spectre,2024,Coupe,75000000,102,577,2024,2025
Rolls-Royce,Spectre,2024,Coupe,75000000,102,577,2024,2026
Rolls-Royce,Spectre,2024,Coupe,75000000,102,577,2025,2025
Rolls-Royce,Spectre,2024,Coupe,75000000,102,577,2025,2026
Rolls-Royce,Spectre,2024,Coupe,75000000,102,577,2026,2026
Mahindra,XEV 9S,2025,Pack One Above,1995000,59,521,2025,2025
Mahindra,XEV 9S,2025,Pack One Above,1995000,59,521,2025,2026
Mahindra,XEV 9S,2025,Pack One Above,1995000,79,679,2025,2025
Mahindra,XEV 9S,2025,Pack One Above,1995000,79,679,2025,2026
Mahindra,XEV 9S,2025,Pack Two Above,2425000,70,600,2025,2025
Mahindra,XEV 9S,2025,Pack Two Above,2425000,70,600,2025,2026
Mahindra,XEV 9S,2025,Pack Two Above,2545000,79,679,2025,2025
Mahindra,XEV 9S,2025,Pack Two Above,2545000,79,679,2025,2026
Mahindra,XEV 9S,2025,Pack Three,2735000,79,679,2025,2025
Mahindra,XEV 9S,2025,Pack Three,2735000,79,679,2025,2026
Mahindra,XEV 9S,2025,Pack Three Above,2945000,79,679,2025,2025
Mahindra,XEV 9S,2025,Pack Three Above,2945000,79,679,2025,2026
Mahindra,XEV 9S,2025,Pack One Above,1995000,59,521,2026,2026
Mahindra,XEV 9S,2025,Pack One Above,1995000,79,679,2026,2026
Mahindra,XEV 9S,2025,Pack Two Above,2425000,70,600,2026,2026
Mahindra,XEV 9S,2025,Pack Two Above,2545000,79,679,2026,2026
Mahindra,XEV 9S,2025,Pack Three,2735000,79,679,2026,2026
Mahindra,XEV 9S,2025,Pack Three Above,2945000,79,679,2026,2026
Kia,Carens Clavis EV,2025,HTK Plus,1799000,42,404,2025,2025
Kia,Carens Clavis EV,2025,HTK Plus,1799000,42,404,2025,2026
Kia,Carens Clavis EV,2025,HTX E,1999000,42,404,2025,2025
Kia,Carens Clavis EV,2025,HTX E,1999000,42,404,2025,2026
Kia,Carens Clavis EV,2025,HTX ,2049000,42,404,2025,2025
Kia,Carens Clavis EV,2025,HTX ,2049000,42,404,2025,2026
Kia,Carens Clavis EV,2025,HTX E ER,2199000,51.4,490,2025,2025
Kia,Carens Clavis EV,2025,HTX E ER,2199000,51.4,490,2025,2026
Kia,Carens Clavis EV,2025,HTX  ER,2249000,51.4,490,2025,2025
Kia,Carens Clavis EV,2025,HTX  ER,2249000,51.4,490,2025,2026
Kia,Carens Clavis EV,2025,HTX  ER Plus,2429000,51.4,490,2025,2025
Kia,Carens Clavis EV,2025,HTX  ER Plus,2429000,51.4,490,2025,2026
Kia,Carens Clavis EV,2025,HTK Plus,1799000,42,404,2026,2026
Kia,Carens Clavis EV,2025,HTX E,1999000,42,404,2026,2026
Kia,Carens Clavis EV,2025,HTX ,2049000,42,404,2026,2026
Kia,Carens Clavis EV,2025,HTX E ER,2199000,51.4,490,2026,2026
Kia,Carens Clavis EV,2025,HTX  ER,2249000,51.4,490,2026,2026
Kia,Carens Clavis EV,2025,HTX  ER Plus,2429000,51.4,490,2026,2026
MG,M9,2025,Presidential Limo,7090000,90,548,2025,2025
MG,M9,2025,Presidential Limo,7090000,90,548,2025,2026
MG,M9,2025,Presidential Limo,7090000,90,548,2026,2026
BYD ,Sealion 7,2025,Premium,4940000,82.56,567,2025,2025
BYD ,Sealion 7,2025,Premium,4940000,82.56,567,2025,2026
BYD ,Sealion 7,2025,Performance,5490000,82.56,567,2025,2025
BYD ,Sealion 7,2025,Performance,5490000,82.56,567,2025,2026
BYD ,Sealion 7,2025,Premium,4940000,82.56,567,2026,2026
BYD ,Sealion 7,2025,Performance,5490000,82.56,567,2026,2026
MG,Cyberster,2025,GT,7500000,77,580,2025,2025
MG,Cyberster,2025,GT,7500000,77,580,2025,2026
MG,Cyberster,2025,GT,7500000,77,580,2026,2026
Mahindra,XUV 3XO EV,2025,AX5,1389000,39.4,285,2025,2025
Mahindra,XUV 3XO EV,2025,AX5,1389000,39.4,285,2025,2026
Mahindra,XUV 3XO EV,2025,AX7 L,1496000,39.4,285,2025,2025
Mahindra,XUV 3XO EV,2025,AX7 L,1496000,39.4,285,2025,2026
Mahindra,XUV 3XO EV,2025,AX5,1389000,39.4,285,2026,2026
Mahindra,XUV 3XO EV,2025,AX7 L,1496000,39.4,285,2026,2026
Vinfast,VF 6,2025,Earth,1729000,59.6,468,2025,2025
Vinfast,VF 6,2025,Earth,1729000,59.6,468,2025,2026
Vinfast,VF 6,2025,Wind,1869000,59.6,468,2025,2025
Vinfast,VF 6,2025,Wind,1869000,59.6,468,2025,2026
Vinfast,VF 6,2025,Wind Infinity,1919000,59.6,468,2025,2025
Vinfast,VF 6,2025,Wind Infinity,1919000,59.6,468,2025,2026
Vinfast,VF 6,2025,Earth,1729000,59.6,468,2026,2026
Vinfast,VF 6,2025,Wind,1869000,59.6,468,2026,2026
Vinfast,VF 6,2025,Wind Infinity,1919000,59.6,468,2026,2026
Volvo,EX30,2025,RWD Ultra,4100000,69,480,2025,2025
Volvo,EX30,2025,RWD Ultra,4100000,69,480,2025,2026
Volvo,EX30,2025,RWD Ultra,4100000,69,480,2026,2026
Vinfast,VF 7,2025,Earth,2189000,59.6,438,2025,2025
Vinfast,VF 7,2025,Earth,2189000,59.6,438,2025,2026
Vinfast,VF 7,2025,Wind,2469000,70,532,2025,2025
Vinfast,VF 7,2025,Wind,2469000,70,532,2025,2026
Vinfast,VF 7,2025,Wind Infinity,2519000,70,532,2025,2025
Vinfast,VF 7,2025,Wind Infinity,2519000,70,532,2025,2026
Vinfast,VF 7,2025,Sky,2619000,70,532,2025,2025
Vinfast,VF 7,2025,Sky,2619000,70,532,2025,2026
Vinfast,VF 7,2025,Sky Infinity,2619000,70,532,2025,2025
Vinfast,VF 7,2025,Sky Infinity,2619000,70,532,2025,2026
Vinfast,VF 7,2025,Earth,2189000,59.6,438,2026,2026
Vinfast,VF 7,2025,Wind,2469000,70,532,2026,2026
Vinfast,VF 7,2025,Wind Infinity,2519000,70,532,2026,2026
Vinfast,VF 7,2025,Sky,2619000,70,532,2026,2026
Vinfast,VF 7,2025,Sky Infinity,2619000,70,532,2026,2026
Tesla,Model Y,2025,RWD ,5989000,60,500,2025,2025
Tesla,Model Y,2025,RWD ,5989000,60,500,2025,2026
Tesla,Model Y,2025,Long Range RWD ,6789000,75,661,2025,2025
Tesla,Model Y,2025,Long Range RWD ,6789000,75,661,2025,2026
Tesla,Model Y,2025,RWD ,5989000,60,500,2026,2026
Tesla,Model Y,2025,Long Range RWD ,6789000,75,661,2026,2026
Tata,Nexon EV,2023,Creative Plus Medium Range,1249000,30,325,2023,2023
Tata,Nexon EV,2023,Creative Plus Medium Range,1249000,30,325,2023,2024
Tata,Nexon EV,2023,Creative Plus Medium Range,1249000,30,325,2023,2025
Tata,Nexon EV,2023,Creative Plus Medium Range,1249000,30,325,2023,2026
Tata,Nexon EV,2023,Fearless Medium Range,1329000,30,325,2023,2023
Tata,Nexon EV,2023,Fearless Medium Range,1329000,30,325,2023,2024
Tata,Nexon EV,2023,Fearless Medium Range,1329000,30,325,2023,2025
Tata,Nexon EV,2023,Fearless Medium Range,1329000,30,325,2023,2026
Tata,Nexon EV,2023,Fearless Plus Medium Range,1379000,30,325,2023,2023
Tata,Nexon EV,2023,Fearless Plus Medium Range,1379000,30,325,2023,2024
Tata,Nexon EV,2023,Fearless Plus Medium Range,1379000,30,325,2023,2025
Tata,Nexon EV,2023,Fearless Plus Medium Range,1379000,30,325,2023,2026
Tata,Nexon EV,2023,Creative 45,1399000,45,489,2023,2023
Tata,Nexon EV,2023,Creative 45,1399000,45,489,2023,2024
Tata,Nexon EV,2023,Creative 45,1399000,45,489,2023,2025
Tata,Nexon EV,2023,Creative 45,1399000,45,489,2023,2026
Tata,Nexon EV,2023,Fearless Plus(S) Medium Range ,1429000,30,325,2023,2023
Tata,Nexon EV,2023,Fearless Plus(S) Medium Range ,1429000,30,325,2023,2024
Tata,Nexon EV,2023,Fearless Plus(S) Medium Range ,1429000,30,325,2023,2025
Tata,Nexon EV,2023,Fearless Plus(S) Medium Range ,1429000,30,325,2023,2026
Tata,Nexon EV,2023,Empowered Medium Range ,1479000,30,325,2023,2023
Tata,Nexon EV,2023,Empowered Medium Range ,1479000,30,325,2023,2024
Tata,Nexon EV,2023,Empowered Medium Range ,1479000,30,325,2023,2025
Tata,Nexon EV,2023,Empowered Medium Range ,1479000,30,325,2023,2026
Tata,Nexon EV,2023,Fearless 45,1499000,45,489,2023,2023
Tata,Nexon EV,2023,Fearless 45,1499000,45,489,2023,2024
Tata,Nexon EV,2023,Fearless 45,1499000,45,489,2023,2025
Tata,Nexon EV,2023,Fearless 45,1499000,45,489,2023,2026
Tata,Nexon EV,2023,Empowered  45,1599000,45,489,2023,2023
Tata,Nexon EV,2023,Empowered  45,1599000,45,489,2023,2024
Tata,Nexon EV,2023,Empowered  45,1599000,45,489,2023,2025
Tata,Nexon EV,2023,Empowered  45,1599000,45,489,2023,2026
Tata,Nexon EV,2023,Empowered Plus 45,1699000,45,489,2023,2023
Tata,Nexon EV,2023,Empowered Plus 45,1699000,45,489,2023,2024
Tata,Nexon EV,2023,Empowered Plus 45,1699000,45,489,2023,2025
Tata,Nexon EV,2023,Empowered Plus 45,1699000,45,489,2023,2026
Tata,Nexon EV,2023,Empowered Plus A 45,1729000,45,489,2023,2023
Tata,Nexon EV,2023,Empowered Plus A 45,1729000,45,489,2023,2024
Tata,Nexon EV,2023,Empowered Plus A 45,1729000,45,489,2023,2025
Tata,Nexon EV,2023,Empowered Plus A 45,1729000,45,489,2023,2026
Tata,Nexon EV,2023,Empowered Plus A 45 Dark Edition,1749000,45,489,2023,2023
Tata,Nexon EV,2023,Empowered Plus A 45 Dark Edition,1749000,45,489,2023,2024
Tata,Nexon EV,2023,Empowered Plus A 45 Dark Edition,1749000,45,489,2023,2025
Tata,Nexon EV,2023,Empowered Plus A 45 Dark Edition,1749000,45,489,2023,2026
Tata,Nexon EV,2023,Creative Plus Medium Range,1249000,30,325,2024,2024
Tata,Nexon EV,2023,Creative Plus Medium Range,1249000,30,325,2024,2025
Tata,Nexon EV,2023,Creative Plus Medium Range,1249000,30,325,2024,2026
Tata,Nexon EV,2023,Fearless Medium Range,1329000,30,325,2024,2024
Tata,Nexon EV,2023,Fearless Medium Range,1329000,30,325,2024,2025
Tata,Nexon EV,2023,Fearless Medium Range,1329000,30,325,2024,2026
Tata,Nexon EV,2023,Fearless Plus Medium Range,1379000,30,325,2024,2024
Tata,Nexon EV,2023,Fearless Plus Medium Range,1379000,30,325,2024,2025
Tata,Nexon EV,2023,Fearless Plus Medium Range,1379000,30,325,2024,2026
Tata,Nexon EV,2023,Creative 45,1399000,45,489,2024,2024
Tata,Nexon EV,2023,Creative 45,1399000,45,489,2024,2025
Tata,Nexon EV,2023,Creative 45,1399000,45,489,2024,2026
Tata,Nexon EV,2023,Fearless Plus(S) Medium Range ,1429000,30,325,2024,2024
Tata,Nexon EV,2023,Fearless Plus(S) Medium Range ,1429000,30,325,2024,2025
Tata,Nexon EV,2023,Fearless Plus(S) Medium Range ,1429000,30,325,2024,2026
Tata,Nexon EV,2023,Empowered Medium Range ,1479000,30,325,2024,2024
Tata,Nexon EV,2023,Empowered Medium Range ,1479000,30,325,2024,2025
Tata,Nexon EV,2023,Empowered Medium Range ,1479000,30,325,2024,2026
Tata,Nexon EV,2023,Fearless 45,1499000,45,489,2024,2024
Tata,Nexon EV,2023,Fearless 45,1499000,45,489,2024,2025
Tata,Nexon EV,2023,Fearless 45,1499000,45,489,2024,2026
Tata,Nexon EV,2023,Empowered  45,1599000,45,489,2024,2024
Tata,Nexon EV,2023,Empowered  45,1599000,45,489,2024,2025
Tata,Nexon EV,2023,Empowered  45,1599000,45,489,2024,2026
Tata,Nexon EV,2023,Empowered Plus 45,1699000,45,489,2024,2024
Tata,Nexon EV,2023,Empowered Plus 45,1699000,45,489,2024,2025
Tata,Nexon EV,2023,Empowered Plus 45,1699000,45,489,2024,2026
Tata,Nexon EV,2023,Empowered Plus A 45,1729000,45,489,2024,2024
Tata,Nexon EV,2023,Empowered Plus A 45,1729000,45,489,2024,2025
Tata,Nexon EV,2023,Empowered Plus A 45,1729000,45,489,2024,2026
Tata,Nexon EV,2023,Empowered Plus A 45 Dark Edition,1749000,45,489,2024,2024
Tata,Nexon EV,2023,Empowered Plus A 45 Dark Edition,1749000,45,489,2024,2025
Tata,Nexon EV,2023,Empowered Plus A 45 Dark Edition,1749000,45,489,2024,2026
Tata,Nexon EV,2023,Creative Plus Medium Range,1249000,30,325,2025,2025
Tata,Nexon EV,2023,Creative Plus Medium Range,1249000,30,325,2025,2026
Tata,Nexon EV,2023,Fearless Medium Range,1329000,30,325,2025,2025
Tata,Nexon EV,2023,Fearless Medium Range,1329000,30,325,2025,2026
Tata,Nexon EV,2023,Fearless Plus Medium Range,1379000,30,325,2025,2025
Tata,Nexon EV,2023,Fearless Plus Medium Range,1379000,30,325,2025,2026
Tata,Nexon EV,2023,Creative 45,1399000,45,489,2025,2025
Tata,Nexon EV,2023,Creative 45,1399000,45,489,2025,2026
Tata,Nexon EV,2023,Fearless Plus(S) Medium Range ,1429000,30,325,2025,2025
Tata,Nexon EV,2023,Fearless Plus(S) Medium Range ,1429000,30,325,2025,2026
Tata,Nexon EV,2023,Empowered Medium Range ,1479000,30,325,2025,2025
Tata,Nexon EV,2023,Empowered Medium Range ,1479000,30,325,2025,2026
Tata,Nexon EV,2023,Fearless 45,1499000,45,489,2025,2025
Tata,Nexon EV,2023,Fearless 45,1499000,45,489,2025,2026
Tata,Nexon EV,2023,Empowered  45,1599000,45,489,2025,2025
Tata,Nexon EV,2023,Empowered  45,1599000,45,489,2025,2026
Tata,Nexon EV,2023,Empowered Plus 45,1699000,45,489,2025,2025
Tata,Nexon EV,2023,Empowered Plus 45,1699000,45,489,2025,2026
Tata,Nexon EV,2023,Empowered Plus A 45,1729000,45,489,2025,2025
Tata,Nexon EV,2023,Empowered Plus A 45,1729000,45,489,2025,2026
Tata,Nexon EV,2023,Empowered Plus A 45 Dark Edition,1749000,45,489,2025,2025
Tata,Nexon EV,2023,Empowered Plus A 45 Dark Edition,1749000,45,489,2025,2026
Tata,Nexon EV,2023,Creative Plus Medium Range,1249000,30,325,2026,2026
Tata,Nexon EV,2023,Fearless Medium Range,1329000,30,325,2026,2026
Tata,Nexon EV,2023,Fearless Plus Medium Range,1379000,30,325,2026,2026
Tata,Nexon EV,2023,Creative 45,1399000,45,489,2026,2026
Tata,Nexon EV,2023,Fearless Plus(S) Medium Range ,1429000,30,325,2026,2026
Tata,Nexon EV,2023,Empowered Medium Range ,1479000,30,325,2026,2026
Tata,Nexon EV,2023,Fearless 45,1499000,45,489,2026,2026
Tata,Nexon EV,2023,Empowered  45,1599000,45,489,2026,2026
Tata,Nexon EV,2023,Empowered Plus 45,1699000,45,489,2026,2026
Tata,Nexon EV,2023,Empowered Plus A 45,1729000,45,489,2026,2026
Tata,Nexon EV,2023,Empowered Plus A 45 Dark Edition,1749000,45,489,2026,2026
Hyundai ,Creta EV,2025,Executive 42KWh,1802000,42,420,2025,2025
Hyundai ,Creta EV,2025,Executive 42KWh,1802000,42,420,2025,2026
Hyundai ,Creta EV,2025,Smart 42KWh,1900000,42,420,2025,2025
Hyundai ,Creta EV,2025,Smart 42KWh,1900000,42,420,2025,2026
Hyundai ,Creta EV,2025,Executive Tech 42KWh,1900000,42,420,2025,2025
Hyundai ,Creta EV,2025,Executive Tech 42KWh,1900000,42,420,2025,2026
Hyundai ,Creta EV,2025,Smart (O) 42KWh,1950000,42,420,2025,2025
Hyundai ,Creta EV,2025,Smart (O) 42KWh,1950000,42,420,2025,2026
Hyundai ,Creta EV,2025,Smart (O) 42KWh Dual Tone,1965000,42,420,2025,2025
Hyundai ,Creta EV,2025,Smart (O) 42KWh Dual Tone,1965000,42,420,2025,2026
Hyundai ,Creta EV,2025,Executive(O) LR 51.4KWh,2000000,51.4,510,2025,2025
Hyundai ,Creta EV,2025,Executive(O) LR 51.4KWh,2000000,51.4,510,2025,2026
Hyundai ,Creta EV,2025,Premium 42KWh,2000000,42,420,2025,2025
Hyundai ,Creta EV,2025,Premium 42KWh,2000000,42,420,2025,2026
Hyundai ,Creta EV,2025,Premium 42KWh Dual Tone,2015000,42,420,2025,2025
Hyundai ,Creta EV,2025,Premium 42KWh Dual Tone,2015000,42,420,2025,2026
Hyundai ,Creta EV,2025,Smart (O) 42KWh(HC),2023000,42,420,2025,2025
Hyundai ,Creta EV,2025,Smart (O) 42KWh(HC),2023000,42,420,2025,2026
Hyundai ,Creta EV,2025,Smart (O) 42KWh(HC) Dual Tone,2038000,42,420,2025,2025
Hyundai ,Creta EV,2025,Smart (O) 42KWh(HC) Dual Tone,2038000,42,420,2025,2026
Hyundai ,Creta EV,2025,Premium(HC) 42KWh,2073000,42,420,2025,2025
Hyundai ,Creta EV,2025,Premium(HC) 42KWh,2073000,42,420,2025,2026
Hyundai ,Creta EV,2025,Premium(HC) 42KWh Dual Tone,2088000,42,420,2025,2025
Hyundai ,Creta EV,2025,Premium(HC) 42KWh Dual Tone,2088000,42,420,2025,2026
Hyundai ,Creta EV,2025,Excellence 42 KWh,2130000,42,420,2025,2025
Hyundai ,Creta EV,2025,Excellence 42 KWh,2130000,42,420,2025,2026
Hyundai ,Creta EV,2025,Excellence 42 KWh Dual Tone,2145000,42,420,2025,2025
Hyundai ,Creta EV,2025,Excellence 42 KWh Dual Tone,2145000,42,420,2025,2026
Hyundai ,Creta EV,2025,Smart(O) LR 51.4 KWh,2153000,51.4,510,2025,2025
Hyundai ,Creta EV,2025,Smart(O) LR 51.4 KWh,2153000,51.4,510,2025,2026
Hyundai ,Creta EV,2025,Smart(O) LR 51.4 KWh Dual Tone,2165000,51.4,510,2025,2025
Hyundai ,Creta EV,2025,Smart(O) LR 51.4 KWh Dual Tone,2165000,51.4,510,2025,2026
Hyundai ,Creta EV,2025,Excellence(HC) 42KWh,2203000,42,420,2025,2025
Hyundai ,Creta EV,2025,Excellence(HC) 42KWh,2203000,42,420,2025,2026
Hyundai ,Creta EV,2025,Excellence(HC) 42KWh Dual Tone,2218000,42,420,2025,2025
Hyundai ,Creta EV,2025,Excellence(HC) 42KWh Dual Tone,2218000,42,420,2025,2026
Hyundai ,Creta EV,2025,Smart(O) LR (HC) 51.4KWh,2226000,51.4,510,2025,2025
Hyundai ,Creta EV,2025,Smart(O) LR (HC) 51.4KWh,2226000,51.4,510,2025,2026
Hyundai ,Creta EV,2025,Smart(O) LR (HC) 51.4KWh Dual Tone,2238000,51.4,510,2025,2025
Hyundai ,Creta EV,2025,Smart(O) LR (HC) 51.4KWh Dual Tone,2238000,51.4,510,2025,2026
Hyundai ,Creta EV,2025,Excellence LR 51.4KWh,2367000,51.4,510,2025,2025
Hyundai ,Creta EV,2025,Excellence LR 51.4KWh,2367000,51.4,510,2025,2026
Hyundai ,Creta EV,2025,Excellence LR 51.4KWh Dual Tone,2387000,51.4,510,2025,2025
Hyundai ,Creta EV,2025,Excellence LR 51.4KWh Dual Tone,2387000,51.4,510,2025,2026
Hyundai ,Creta EV,2025,Excellence LR (HC) 51.4KWh,2440000,51.4,510,2025,2025
Hyundai ,Creta EV,2025,Excellence LR (HC) 51.4KWh,2440000,51.4,510,2025,2026
Hyundai ,Creta EV,2025,Excellence LR (HC) 51.4KWh Dual Tone,2455000,51.4,510,2025,2025
Hyundai ,Creta EV,2025,Excellence LR (HC) 51.4KWh Dual Tone,2455000,51.4,510,2025,2026
Hyundai ,Creta EV,2025,Excellence LR (HC) 51.4KWh Dual Tone Knight Edition,2470000,51.4,510,2025,2025
Hyundai ,Creta EV,2025,Excellence LR (HC) 51.4KWh Dual Tone Knight Edition,2470000,51.4,510,2025,2026
Hyundai ,Creta EV,2025,Executive 42KWh,1802000,42,420,2026,2026
Hyundai ,Creta EV,2025,Smart 42KWh,1900000,42,420,2026,2026
Hyundai ,Creta EV,2025,Executive Tech 42KWh,1900000,42,420,2026,2026
Hyundai ,Creta EV,2025,Smart (O) 42KWh,1950000,42,420,2026,2026
Hyundai ,Creta EV,2025,Premium 42KWh Dual Tone,2015000,42,420,2026,2026
Hyundai ,Creta EV,2025,Smart (O) 42KWh(HC),2023000,42,420,2026,2026
Hyundai ,Creta EV,2025,Smart (O) 42KWh(HC) Dual Tone,2038000,42,420,2026,2026
Hyundai ,Creta EV,2025,Premium(HC) 42KWh,2073000,42,420,2026,2026
Hyundai ,Creta EV,2025,Premium(HC) 42KWh Dual Tone,2088000,42,420,2026,2026
Hyundai ,Creta EV,2025,Excellence 42 KWh,2130000,42,420,2026,2026
Hyundai ,Creta EV,2025,Excellence 42 KWh Dual Tone,2145000,42,420,2026,2026
Hyundai ,Creta EV,2025,Smart(O) LR 51.4 KWh,2153000,51.4,510,2026,2026
Hyundai ,Creta EV,2025,Smart(O) LR 51.4 KWh Dual Tone,2165000,51.4,510,2026,2026
Hyundai ,Creta EV,2025,Excellence(HC) 42KWh,2203000,42,420,2026,2026
Hyundai ,Creta EV,2025,Excellence(HC) 42KWh Dual Tone,2218000,42,420,2026,2026
Hyundai ,Creta EV,2025,Smart(O) LR (HC) 51.4KWh,2226000,51.4,510,2026,2026
Hyundai ,Creta EV,2025,Smart(O) LR (HC) 51.4KWh Dual Tone,2238000,51.4,510,2026,2026
Hyundai ,Creta EV,2025,Excellence LR 51.4KWh,2367000,51.4,510,2026,2026
Hyundai ,Creta EV,2025,Excellence LR 51.4KWh Dual Tone,2387000,51.4,510,2026,2026
Hyundai ,Creta EV,2025,Excellence LR (HC) 51.4KWh,2440000,51.4,510,2026,2026
Hyundai ,Creta EV,2025,Excellence LR (HC) 51.4KWh Dual Tone,2455000,51.4,510,2026,2026
Hyundai ,Creta EV,2025,Excellence LR (HC) 51.4KWh Dual Tone Knight Edition,2470000,51.4,510,2026,2026
Tata,Punch EV,2024,Smart 3.3,999000,25,315,2024,2024
Tata,Punch EV,2024,Smart 3.3,999000,25,315,2024,2025
Tata,Punch EV,2024,Smart 3.3,999000,25,315,2024,2026
Tata,Punch EV,2024,Smart Plus 3.3,1114000,25,315,2024,2024
Tata,Punch EV,2024,Smart Plus 3.3,1114000,25,315,2024,2025
Tata,Punch EV,2024,Smart Plus 3.3,1114000,25,315,2024,2026
Tata,Punch EV,2024,Adventure 3.3,1184000,25,315,2024,2024
Tata,Punch EV,2024,Adventure 3.3,1184000,25,315,2024,2025
Tata,Punch EV,2024,Adventure 3.3,1184000,25,315,2024,2026
Tata,Punch EV,2024,Adventure (S) 3.3,1214000,25,315,2024,2024
Tata,Punch EV,2024,Adventure (S) 3.3,1214000,25,315,2024,2025
Tata,Punch EV,2024,Adventure (S) 3.3,1214000,25,315,2024,2026
Tata,Punch EV,2024,Empowered 3.3,1264000,25,315,2024,2024
Tata,Punch EV,2024,Empowered 3.3,1264000,25,315,2024,2025
Tata,Punch EV,2024,Empowered 3.3,1264000,25,315,2024,2026
Tata,Punch EV,2024,Empowered (S) 3.3,1284000,25,315,2024,2024
Tata,Punch EV,2024,Empowered (S) 3.3,1284000,25,315,2024,2025
Tata,Punch EV,2024,Empowered (S) 3.3,1284000,25,315,2024,2026
Tata,Punch EV,2024,Empowered Plus 3.3,1284000,25,315,2024,2024
Tata,Punch EV,2024,Empowered Plus 3.3,1284000,25,315,2024,2025
Tata,Punch EV,2024,Empowered Plus 3.3,1284000,25,315,2024,2026
Tata,Punch EV,2024,Adventure (S) Long Range  3.3,1314000,35,421,2024,2024
Tata,Punch EV,2024,Adventure (S) Long Range  3.3,1314000,35,421,2024,2025
Tata,Punch EV,2024,Adventure (S) Long Range  3.3,1314000,35,421,2024,2026
Tata,Punch EV,2024,Empowered Long Range  3.3,1344000,35,421,2024,2024
Tata,Punch EV,2024,Empowered Long Range  3.3,1344000,35,421,2024,2025
Tata,Punch EV,2024,Empowered Long Range  3.3,1344000,35,421,2024,2026
Tata,Punch EV,2024,Empowered (S) Long Range  3.3,1364000,35,421,2024,2024
Tata,Punch EV,2024,Empowered (S) Long Range  3.3,1364000,35,421,2024,2025
Tata,Punch EV,2024,Empowered (S) Long Range  3.3,1364000,35,421,2024,2026
Tata,Punch EV,2024,Empowered Plus Long Range  3.3,1364000,35,421,2024,2024
Tata,Punch EV,2024,Empowered Plus Long Range  3.3,1364000,35,421,2024,2025
Tata,Punch EV,2024,Empowered Plus Long Range  3.3,1364000,35,421,2024,2026
Tata,Punch EV,2024,Empowered Plus (S) Long Range  3.3,1394000,35,421,2024,2024
Tata,Punch EV,2024,Empowered Plus (S) Long Range  3.3,1394000,35,421,2024,2025
Tata,Punch EV,2024,Empowered Plus (S) Long Range  3.3,1394000,35,421,2024,2026
Tata,Punch EV,2024,Smart 3.3,999000,25,315,2025,2025
Tata,Punch EV,2024,Smart 3.3,999000,25,315,2025,2026
Tata,Punch EV,2024,Smart Plus 3.3,1114000,25,315,2025,2025
Tata,Punch EV,2024,Smart Plus 3.3,1114000,25,315,2025,2026
Tata,Punch EV,2024,Adventure 3.3,1184000,25,315,2025,2025
Tata,Punch EV,2024,Adventure 3.3,1184000,25,315,2025,2026
Tata,Punch EV,2024,Adventure (S) 3.3,1214000,25,315,2025,2025
Tata,Punch EV,2024,Adventure (S) 3.3,1214000,25,315,2025,2026
Tata,Punch EV,2024,Empowered 3.3,1264000,25,315,2025,2025
Tata,Punch EV,2024,Empowered 3.3,1264000,25,315,2025,2026
Tata,Punch EV,2024,Empowered (S) 3.3,1284000,25,315,2025,2025
Tata,Punch EV,2024,Empowered (S) 3.3,1284000,25,315,2025,2026
Tata,Punch EV,2024,Empowered Plus 3.3,1284000,25,315,2025,2025
Tata,Punch EV,2024,Empowered Plus 3.3,1284000,25,315,2025,2026
Tata,Punch EV,2024,Adventure (S) Long Range  3.3,1314000,35,421,2025,2025
Tata,Punch EV,2024,Adventure (S) Long Range  3.3,1314000,35,421,2025,2026
Tata,Punch EV,2024,Empowered Long Range  3.3,1344000,35,421,2025,2025
Tata,Punch EV,2024,Empowered Long Range  3.3,1344000,35,421,2025,2026
Tata,Punch EV,2024,Empowered (S) Long Range  3.3,1364000,35,421,2025,2025
Tata,Punch EV,2024,Empowered (S) Long Range  3.3,1364000,35,421,2025,2026
Tata,Punch EV,2024,Empowered Plus Long Range  3.3,1364000,35,421,2025,2025
Tata,Punch EV,2024,Empowered Plus Long Range  3.3,1364000,35,421,2025,2026
Tata,Punch EV,2024,Empowered Plus (S) Long Range  3.3,1394000,35,421,2025,2025
Tata,Punch EV,2024,Empowered Plus (S) Long Range  3.3,1394000,35,421,2025,2026
Tata,Punch EV,2024,Smart 3.3,999000,25,315,2026,2026
Tata,Punch EV,2024,Smart Plus 3.3,1114000,25,315,2026,2026
Tata,Punch EV,2024,Adventure 3.3,1184000,25,315,2026,2026
Tata,Punch EV,2024,Adventure (S) 3.3,1214000,25,315,2026,2026
Tata,Punch EV,2024,Empowered 3.3,1264000,25,315,2026,2026
Tata,Punch EV,2024,Empowered (S) 3.3,1284000,25,315,2026,2026
Tata,Punch EV,2024,Empowered Plus 3.3,1284000,25,315,2026,2026
Tata,Punch EV,2024,Adventure (S) Long Range  3.3,1314000,35,421,2026,2026
Tata,Punch EV,2024,Empowered Long Range  3.3,1344000,35,421,2026,2026
Tata,Punch EV,2024,Empowered (S) Long Range  3.3,1364000,35,421,2026,2026
Tata,Punch EV,2024,Empowered Plus Long Range  3.3,1364000,35,421,2026,2026
Tata,Punch EV,2024,Empowered Plus (S) Long Range  3.3,1394000,35,421,2026,2026
Porsche,Taycan,2022,RWD,17000000,89,560,2022,2022
Porsche,Taycan,2022,RWD,17000000,89,560,2022,2023
Porsche,Taycan,2022,RWD,17000000,89,560,2022,2024
Porsche,Taycan,2022,RWD,17000000,89,560,2022,2025
Porsche,Taycan,2022,RWD,17000000,89,560,2022,2026
Porsche,Taycan,2022,4S,19600000,79.2,463,2022,2022
Porsche,Taycan,2022,4S,19600000,79.2,463,2022,2023
Porsche,Taycan,2022,4S,19600000,79.2,463,2022,2024
Porsche,Taycan,2022,4S,19600000,79.2,463,2022,2025
Porsche,Taycan,2022,4S,19600000,79.2,463,2022,2026
Porsche,Taycan,2022,4S Black Edition,20700000,79.2,463,2022,2022
Porsche,Taycan,2022,4S Black Edition,20700000,79.2,463,2022,2023
Porsche,Taycan,2022,4S Black Edition,20700000,79.2,463,2022,2024
Porsche,Taycan,2022,4S Black Edition,20700000,79.2,463,2022,2025
Porsche,Taycan,2022,4S Black Edition,20700000,79.2,463,2022,2026
Porsche,Taycan,2022,Turbo,26900000,93.4,705,2022,2022
Porsche,Taycan,2022,Turbo,26900000,93.4,705,2022,2023
Porsche,Taycan,2022,Turbo,26900000,93.4,705,2022,2024
Porsche,Taycan,2022,Turbo,26900000,93.4,705,2022,2025
Porsche,Taycan,2022,Turbo,26900000,93.4,705,2022,2026
Porsche,Taycan,2022,RWD,17000000,89,560,2023,2023
Porsche,Taycan,2022,RWD,17000000,89,560,2023,2024
Porsche,Taycan,2022,RWD,17000000,89,560,2023,2025
Porsche,Taycan,2022,RWD,17000000,89,560,2023,2026
Porsche,Taycan,2022,4S,19600000,79.2,463,2023,2023
Porsche,Taycan,2022,4S,19600000,79.2,463,2023,2024
Porsche,Taycan,2022,4S,19600000,79.2,463,2023,2025
Porsche,Taycan,2022,4S,19600000,79.2,463,2023,2026
Porsche,Taycan,2022,4S Black Edition,20700000,79.2,463,2023,2023
Porsche,Taycan,2022,4S Black Edition,20700000,79.2,463,2023,2024
Porsche,Taycan,2022,4S Black Edition,20700000,79.2,463,2023,2025
Porsche,Taycan,2022,4S Black Edition,20700000,79.2,463,2023,2026
Porsche,Taycan,2022,Turbo,26900000,93.4,705,2023,2023
Porsche,Taycan,2022,Turbo,26900000,93.4,705,2023,2024
Porsche,Taycan,2022,Turbo,26900000,93.4,705,2023,2025
Porsche,Taycan,2022,Turbo,26900000,93.4,705,2023,2026
Porsche,Taycan,2022,RWD,17000000,89,560,2024,2024
Porsche,Taycan,2022,RWD,17000000,89,560,2024,2025
Porsche,Taycan,2022,RWD,17000000,89,560,2024,2026
Porsche,Taycan,2022,4S,19600000,79.2,463,2024,2024
Porsche,Taycan,2022,4S,19600000,79.2,463,2024,2025
Porsche,Taycan,2022,4S,19600000,79.2,463,2024,2026
Porsche,Taycan,2022,4S Black Edition,20700000,79.2,463,2024,2024
Porsche,Taycan,2022,4S Black Edition,20700000,79.2,463,2024,2025
Porsche,Taycan,2022,4S Black Edition,20700000,79.2,463,2024,2026
Porsche,Taycan,2022,Turbo,26900000,93.4,705,2024,2024
Porsche,Taycan,2022,Turbo,26900000,93.4,705,2024,2025
Porsche,Taycan,2022,Turbo,26900000,93.4,705,2024,2026
Porsche,Taycan,2022,RWD,17000000,89,560,2025,2025
Porsche,Taycan,2022,RWD,17000000,89,560,2025,2026
Porsche,Taycan,2022,4S,19600000,79.2,463,2025,2025
Porsche,Taycan,2022,4S,19600000,79.2,463,2025,2026
Porsche,Taycan,2022,4S Black Edition,20700000,79.2,463,2025,2025
Porsche,Taycan,2022,4S Black Edition,20700000,79.2,463,2025,2026
Porsche,Taycan,2022,Turbo,26900000,93.4,705,2025,2025
Porsche,Taycan,2022,Turbo,26900000,93.4,705,2025,2026
Porsche,Taycan,2022,RWD,17000000,89,560,2026,2026
Porsche,Taycan,2022,4S,19600000,79.2,463,2026,2026
Porsche,Taycan,2022,4S Black Edition,20700000,79.2,463,2026,2026
Porsche,Taycan,2022,Turbo,26900000,93.4,705,2026,2026
Tata,Harrier EV,2025,Adventure 65,2149000,65,538,2025,2025
Tata,Harrier EV,2025,Adventure 65,2149000,65,538,2025,2026
Tata,Harrier EV,2025,Adventure  S 65,2199000,65,538,2025,2025
Tata,Harrier EV,2025,Adventure  S 65,2199000,65,538,2025,2026
Tata,Harrier EV,2025,Fearless Plus 65,2399000,65,538,2025,2025
Tata,Harrier EV,2025,Fearless Plus 65,2399000,65,538,2025,2026
Tata,Harrier EV,2025,Fearless Plus 75,2499000,75,627,2025,2025
Tata,Harrier EV,2025,Fearless Plus 75,2499000,75,627,2025,2026
Tata,Harrier EV,2025,Empowered 75,2749000,75,627,2025,2025
Tata,Harrier EV,2025,Empowered 75,2749000,75,627,2025,2026
Tata,Harrier EV,2025,Empowered 75 Stealth,2974000,75,627,2025,2025
Tata,Harrier EV,2025,Empowered 75 Stealth,2974000,75,627,2025,2026
Tata,Harrier EV,2025,Empowered 75 QWD,2899000,75,627,2025,2025
Tata,Harrier EV,2025,Empowered 75 QWD,2899000,75,627,2025,2026
Tata,Harrier EV,2025,Empowered 75 QWD Stealth,2974000,75,627,2025,2025
Tata,Harrier EV,2025,Empowered 75 QWD Stealth,2974000,75,627,2025,2026
Tata,Harrier EV,2025,Adventure 65,2149000,65,538,2026,2026
Tata,Harrier EV,2025,Adventure  S 65,2199000,65,538,2026,2026
Tata,Harrier EV,2025,Fearless Plus 65,2399000,65,538,2026,2026
Tata,Harrier EV,2025,Fearless Plus 75,2499000,75,627,2026,2026
Tata,Harrier EV,2025,Empowered 75,2749000,75,627,2026,2026
Tata,Harrier EV,2025,Empowered 75 Stealth,2974000,75,627,2026,2026
Tata,Harrier EV,2025,Empowered 75 QWD,2899000,75,627,2026,2026
Tata,Harrier EV,2025,Empowered 75 QWD Stealth,2974000,75,627,2026,2026
,,,,,,,,
,,,,,,,,
,,,,,,,,
,,,,,,,,
,,,,,,,,
,,,,,, ,,
